order_id,customer_id,product,quantity,unit_price,line_total
O82161,C1036,Mechanical Keyboard,1,22.58,22.58
O53100,C1046,Screen Protector,2,150.12,300.24
O63368,C1029,Wireless Mouse,2,111.43,222.86
O67896,C1017,Phone Case,3,98.18,294.54
O40382,C1043,Phone Case,1,167.54,167.54
O75034,C1004,Screen Protector,1,105.89,105.89
O27436,C1009,Webcam,2,34.66,69.32
O11105,C1052,Portable Charger,2,80.73,161.46
O44159,C1052,Portable Charger,3,101.48,304.44
O47173,C1035,Webcam,3,111.51,334.53000000000003
O95093,C1013,Usb-C Cable,2,16.85,33.7
O32734,C1008,Bluetooth Headphones,1,36.38,36.38
O50416,C1040,Desk Lamp,2,39.8,79.6
O43352,C1029,Laptop Sleeve,3,148.43,445.29
O89445,C1038,Wireless Mouse,3,76.42,229.26
O24029,C1056,Wireless Mouse,1,135.7,135.7
O95597,C1058,Wireless Mouse,3,32.02,96.06
O98987,C1019,Portable Charger,3,158.66,475.98
O77499,C1046,Usb-C Cable,2,16.7,33.4
O25386,C1002,Mechanical Keyboard,2,112.97,225.94
O85448,C1059,Portable Charger,3,75.72,227.16
O97350,C1038,Laptop Stand,1,91.07,91.07
O81641,C1028,Phone Case,2,114.47,228.94
O95597,C1058,Bluetooth Headphones,1,175.2,175.2
O25098,C1022,Screen Protector,2,32.49,64.98
O68065,C1048,Laptop Sleeve,3,39.78,119.34
O92132,C1005,Portable Charger,1,132.58,132.58
O30868,C1031,Laptop Sleeve,1,42.16,42.16
O43022,C1019,Usb-C Cable,3,95.9,287.70000000000005
O73083,C1024,Mechanical Keyboard,2,127.27,254.54
O98458,C1028,Usb-C Cable,2,164.75,329.5
O10358,C1035,Mechanical Keyboard,2,86.56,173.12
O70217,C1016,Laptop Sleeve,2,100.23,200.46
O70925,C1048,Bluetooth Headphones,2,60.39,120.78
O85448,C1059,Phone Case,1,156.51,156.51
O14522,C1003,Hdmi Adapter,1,121.97,121.97
O61727,C1046,Desk Lamp,2,174.92,349.84
O72753,C1059,Screen Protector,2,170.82,341.64
O84828,C1027,Laptop Stand,2,52.89,105.78
O77499,C1046,Mechanical Keyboard,3,147.92,443.76
O94125,C1031,Hdmi Adapter,1,144.96,144.96
O46842,C1027,Wireless Mouse,2,172.05,344.1
O47700,C1025,Bluetooth Headphones,1,135.43,135.43
O52904,C1012,Wireless Mouse,3,15.57,46.71
O98472,C1013,Mechanical Keyboard,1,106.47,106.47
O99173,C1044,Portable Charger,1,95.78,95.78
O91877,C1020,Hdmi Adapter,1,63.62,63.62
O61615,C1045,Bluetooth Headphones,3,100.7,302.1
O81741,C1005,Laptop Stand,3,55.84,167.52
O31884,C1031,Screen Protector,3,71.96,215.88
O17144,C1000,Webcam,2,38.76,77.52
O18819,C1051,Bluetooth Headphones,2,15.61,31.22
O44159,C1052,Bluetooth Headphones,1,70.58,70.58
O96474,C1015,Usb-C Cable,2,163.26,326.52
O22502,C1041,Usb-C Cable,2,114.04,228.08
O17339,C1047,Webcam,1,45.65,45.65
O69641,C1002,Webcam,1,91.73,91.73
O97424,C1041,Laptop Sleeve,2,104.69,209.38
O75514,C1034,Usb-C Cable,3,128.91,386.73
O43947,C1049,Desk Lamp,3,92.84,278.52
O84757,C1001,Bluetooth Headphones,3,93.44,280.32
O57638,C1029,Laptop Stand,3,75.44,226.32
O41224,C1027,Webcam,2,140.67,281.34
O23951,C1011,Bluetooth Headphones,3,132.29,396.87
O45283,C1001,Wireless Mouse,2,66.81,133.62
O63665,C1019,Desk Lamp,1,96.99,96.99
O18934,C1006,Hdmi Adapter,1,165.75,165.75
O31856,C1003,Screen Protector,1,72.41,72.41
O30052,C1026,Phone Case,3,82.9,248.70000000000002
O39068,C1026,Hdmi Adapter,2,70.54,141.08
O28423,C1004,Webcam,1,168.91,168.91
O21297,C1050,Portable Charger,2,80.73,161.46
O28407,C1015,Wireless Mouse,3,25.65,76.94999999999999
O84278,C1035,Screen Protector,2,40.1,80.2
O58819,C1029,Bluetooth Headphones,3,36.02,108.06
O19337,C1051,Usb-C Cable,3,109.95,329.85
O98079,C1041,Mechanical Keyboard,2,153.9,307.8
O45283,C1001,Phone Case,2,29.51,59.02
O18126,C1044,Usb-C Cable,2,166.09,332.18
O72822,C1047,Usb-C Cable,2,29.92,59.84
O85308,C1010,Laptop Sleeve,2,67.2,134.4
O16051,C1010,Hdmi Adapter,3,170.75,512.25
O72616,C1021,Bluetooth Headphones,1,27.62,27.62
O55955,C1035,Laptop Stand,2,9.31,18.62
O82151,C1020,Phone Case,3,98.24,294.71999999999997
O38369,C1058,Usb-C Cable,1,162.1,162.1
O28139,C1048,Bluetooth Headphones,1,122.1,122.1
O72822,C1047,Laptop Stand,1,91.07,91.07
O51048,C1048,Webcam,1,92.94,92.94
O69486,C1036,Screen Protector,1,68.84,68.84
O46842,C1027,Usb-C Cable,1,62.82,62.82
O60785,C1038,Hdmi Adapter,2,167.17,334.34
O80442,C1051,Laptop Stand,3,65.53,196.59
O60012,C1037,Hdmi Adapter,1,82.85,82.85
O48165,C1002,Laptop Stand,2,75.61,151.22
O20114,C1049,Usb-C Cable,1,140.63,140.63
O39922,C1015,Bluetooth Headphones,2,65.74,131.48
O28162,C1026,Hdmi Adapter,1,154.25,154.25
O98472,C1013,Wireless Mouse,1,113.05,113.05
O86483,C1049,Laptop Sleeve,3,90.64,271.92
O40771,C1045,Bluetooth Headphones,1,117.0,117.0
O39329,C1000,Hdmi Adapter,2,154.47,308.94
O97835,C1005,Mechanical Keyboard,1,25.99,25.99
O33791,C1030,Desk Lamp,1,87.02,87.02
O77559,C1030,Phone Case,2,28.43,56.86
O99486,C1057,Hdmi Adapter,3,59.32,177.96
O26193,C1012,Wireless Mouse,3,144.06,432.18
O62354,C1000,Wireless Mouse,3,166.1,498.29999999999995
O73472,C1005,Phone Case,2,88.68,177.36
O45804,C1042,Portable Charger,3,91.7,275.1
O73472,C1005,Hdmi Adapter,3,29.29,87.87
O52335,C1030,Portable Charger,1,69.73,69.73
O28827,C1027,Hdmi Adapter,3,103.6,310.79999999999995
O10157,C1030,Portable Charger,3,162.28,486.84000000000003
O68360,C1020,Portable Charger,3,86.78,260.34000000000003
O84967,C1018,Phone Case,2,18.88,37.76
O65448,C1026,Webcam,2,36.7,73.4
O89920,C1037,Laptop Sleeve,1,137.57,137.57
O49363,C1058,Mechanical Keyboard,2,80.32,160.64
O46735,C1057,Screen Protector,2,128.1,256.2
O22363,C1036,Laptop Stand,2,24.67,49.34
O96960,C1041,Webcam,3,121.66,364.98
O97835,C1005,Webcam,3,147.93,443.79
O23164,C1020,Webcam,3,168.37,505.11
O52030,C1021,Usb-C Cable,2,56.21,112.42
O51976,C1059,Hdmi Adapter,2,33.42,66.84
O69441,C1056,Webcam,3,76.58,229.74
O93665,C1012,Laptop Stand,2,104.02,208.04
O74923,C1047,Hdmi Adapter,1,174.83,174.83
O68422,C1012,Wireless Mouse,2,19.0,38.0
O95093,C1013,Webcam,1,106.94,106.94
O77147,C1008,Webcam,3,59.41,178.23
O21171,C1015,Usb-C Cable,3,9.71,29.130000000000003
O93744,C1053,Hdmi Adapter,1,174.75,174.75
O30489,C1048,Laptop Sleeve,2,117.06,234.12
O70925,C1048,Mechanical Keyboard,3,32.49,97.47
O49513,C1006,Bluetooth Headphones,3,142.86,428.58000000000004
O85308,C1010,Usb-C Cable,3,118.75,356.25
O51035,C1037,Mechanical Keyboard,3,93.97,281.90999999999997
O86869,C1047,Usb-C Cable,3,172.54,517.62
O88018,C1050,Usb-C Cable,1,118.47,118.47
O85308,C1010,Webcam,3,80.12,240.36
O39820,C1042,Screen Protector,2,103.22,206.44
O18819,C1051,Laptop Sleeve,2,140.88,281.76
O95980,C1014,Usb-C Cable,1,16.53,16.53
O87664,C1015,Hdmi Adapter,3,91.33500000000001,274.005
O79054,C1019,Wireless Mouse,3,129.35,388.04999999999995
O73483,C1031,Screen Protector,1,176.69,176.69
O95196,C1027,Laptop Sleeve,2,59.92,119.84
O42426,C1029,Bluetooth Headphones,2,166.63,333.26
O91108,C1029,Desk Lamp,3,92.84,278.52
O36698,C1036,Wireless Mouse,2,60.74,121.48
O27888,C1012,Wireless Mouse,1,11.11,11.11
O32570,C1041,Portable Charger,1,55.37,55.37
O18729,C1039,Laptop Sleeve,2,163.47,326.94
O14522,C1003,Webcam,2,166.49,332.98
O50416,C1040,Phone Case,2,143.0,286.0
O57638,C1029,Usb-C Cable,3,140.09,420.27
O82350,C1005,Usb-C Cable,2,57.55,115.1
O89482,C1053,Hdmi Adapter,1,133.97,133.97
O15788,C1020,Mechanical Keyboard,3,166.73,500.18999999999994
O36588,C1018,Usb-C Cable,2,112.57,225.14
O82521,C1027,Phone Case,3,74.76,224.28000000000003
O99486,C1057,Webcam,1,97.46000000000001,97.46000000000001
O69606,C1052,Laptop Sleeve,3,147.86,443.58000000000004
O48165,C1002,Bluetooth Headphones,1,132.3,132.3
O18819,C1051,Laptop Stand,2,94.67,189.34
O66980,C1013,Portable Charger,2,80.73,161.46
O27911,C1030,Mechanical Keyboard,1,130.96,130.96
O25963,C1038,Hdmi Adapter,1,119.44,119.44
O38683,C1000,Webcam,3,38.25,114.75
O66087,C1014,Mechanical Keyboard,2,102.38,204.76
O36698,C1036,Webcam,1,28.48,28.48
O74361,C1031,Phone Case,3,163.43,490.29
O22032,C1031,Laptop Stand,2,123.33,246.66
O70845,C1006,Laptop Sleeve,2,153.13,306.26
O85813,C1012,Laptop Sleeve,2,105.37,210.74
O30070,C1028,Wireless Mouse,2,114.24,228.48
O30868,C1031,Desk Lamp,2,118.48,236.96
O28434,C1040,Desk Lamp,1,64.96,64.96
O31344,C1036,Wireless Mouse,1,108.04,108.04
O34688,C1017,Hdmi Adapter,2,163.99,327.98
O22280,C1027,Bluetooth Headphones,3,45.61,136.82999999999998
O67271,C1003,Desk Lamp,3,164.48,493.43999999999994
O78566,C1023,Portable Charger,3,30.14,90.42
O85550,C1003,Webcam,1,62.33,62.33
O21171,C1015,Mechanical Keyboard,3,53.75,161.25
O99173,C1044,Screen Protector,1,137.82,137.82
O93418,C1057,Phone Case,3,72.61,217.82999999999998
O68619,C1011,Bluetooth Headphones,1,145.69,145.69
O82845,C1000,Wireless Mouse,2,121.84,243.68
O11851,C1056,Mechanical Keyboard,2,167.6,335.2
O23951,C1011,Screen Protector,2,102.75,205.5
O68114,C1026,Bluetooth Headphones,1,117.65,117.65
O96972,C1053,Laptop Sleeve,1,102.35,102.35
O42325,C1029,Wireless Mouse,3,136.14,408.41999999999996
O18177,C1016,Wireless Mouse,1,19.94,19.94
O89920,C1037,Phone Case,2,39.72,79.44
O59998,C1003,Wireless Mouse,3,77.09,231.27
O52335,C1030,Desk Lamp,2,72.03,144.06
O38773,C1050,Laptop Stand,2,161.92,323.84
O20031,C1048,Mechanical Keyboard,3,137.93,413.79
O68065,C1048,Webcam,3,136.24,408.72
O82845,C1000,Laptop Sleeve,1,99.35,99.35
O16385,C1017,Webcam,3,57.86,173.57999999999998
O28827,C1027,Phone Case,2,57.79,115.58
O75639,C1043,Webcam,2,136.22,272.44
O17255,C1022,Wireless Mouse,1,103.03,103.03
O37973,C1038,Bluetooth Headphones,1,17.3,17.3
O27781,C1019,Screen Protector,1,155.14,155.14
O99523,C1018,Bluetooth Headphones,1,67.18,67.18
O61296,C1035,Webcam,1,102.26,102.26
O49513,C1006,Wireless Mouse,3,150.8,452.40000000000003
O75514,C1034,Wireless Mouse,3,153.8,461.40000000000003
O80442,C1051,Phone Case,3,12.8,38.400000000000006
O40115,C1041,Desk Lamp,1,80.42,80.42
O33206,C1056,Hdmi Adapter,1,144.8,144.8
O31567,C1050,Screen Protector,2,52.2,104.4
O16385,C1017,Hdmi Adapter,3,139.53,418.59000000000003
O74923,C1047,Webcam,3,83.73,251.19
O95597,C1058,Desk Lamp,3,35.76,107.28
O75251,C1009,Usb-C Cable,2,162.67,325.34
O85778,C1036,Bluetooth Headphones,1,91.38,91.38
O84928,C1050,Desk Lamp,2,120.12,240.24
O51984,C1032,Wireless Mouse,3,43.36,130.07999999999998
O79226,C1054,Mechanical Keyboard,1,16.01,16.01
O13251,C1042,Laptop Sleeve,3,106.38,319.14
O27882,C1002,Usb-C Cable,2,13.01,26.02
O38905,C1026,Bluetooth Headphones,2,45.59,91.18
O53292,C1003,Webcam,1,131.39,131.39
O70384,C1044,Portable Charger,2,79.09,158.18
O69460,C1033,Laptop Sleeve,1,159.93,159.93
O94512,C1058,Mechanical Keyboard,2,10.8,21.6
O45378,C1051,Webcam,1,35.99,35.99
O93238,C1057,Phone Case,2,172.49,344.98
O20114,C1049,Laptop Sleeve,3,121.85,365.54999999999995
O19539,C1017,Laptop Sleeve,1,137.74,137.74
O60040,C1008,Phone Case,1,119.76,119.76
O21239,C1033,Portable Charger,3,45.25,135.75
O62844,C1023,Hdmi Adapter,3,79.62,238.86
O70693,C1040,Screen Protector,1,92.63,92.63
O57638,C1029,Laptop Sleeve,1,91.85,91.85
O25931,C1029,Laptop Sleeve,3,14.3,42.900000000000006
O95093,C1013,Portable Charger,1,21.49,21.49
O80010,C1023,Wireless Mouse,1,29.77,29.77
O31068,C1025,Bluetooth Headphones,2,168.08,336.16
O94707,C1051,Portable Charger,2,80.54,161.08
O31093,C1002,Usb-C Cable,3,172.6,517.8
O67896,C1017,Portable Charger,2,44.36,88.72
O77673,C1046,Wireless Mouse,3,155.43,466.29
O45804,C1042,Webcam,2,93.55,187.1
O18934,C1006,Mechanical Keyboard,2,56.18,112.36
O11105,C1052,Mechanical Keyboard,3,56.36,169.07999999999998
O77917,C1022,Usb-C Cable,1,94.58,94.58
O85778,C1036,Hdmi Adapter,1,91.38,91.38
O93422,C1053,Usb-C Cable,2,87.28,174.56
O40984,C1039,Wireless Mouse,1,134.92,134.92
O28423,C1004,Mechanical Keyboard,3,48.6,145.8
O39190,C1015,Wireless Mouse,2,102.69,205.38
O58864,C1017,Portable Charger,3,28.54,85.62
O68422,C1012,Usb-C Cable,2,154.17,308.34
O44152,C1014,Mechanical Keyboard,1,170.42,170.42
O36299,C1054,Bluetooth Headphones,3,35.62,106.85999999999999
O33500,C1018,Laptop Stand,3,10.2,30.599999999999998
O21395,C1045,Hdmi Adapter,1,49.29,49.29
O83446,C1047,Wireless Mouse,2,103.89,207.78
O38177,C1027,Hdmi Adapter,3,75.09,225.27
O80575,C1027,Screen Protector,3,126.14,378.42
O94207,C1000,Phone Case,1,13.52,13.52
O13697,C1037,Mechanical Keyboard,2,177.94,355.88
O79226,C1054,Portable Charger,2,38.85,77.7
O82151,C1020,Webcam,2,19.17,38.34
O10256,C1034,Desk Lamp,3,138.55,415.65000000000003
O82161,C1036,Wireless Mouse,2,96.11,192.22
O84473,C1059,Mechanical Keyboard,1,171.18,171.18
O47649,C1010,Laptop Sleeve,2,166.18,332.36
O45378,C1051,Laptop Stand,3,102.89,308.67
O47653,C1030,Laptop Stand,1,62.85,62.85
O36698,C1036,Portable Charger,3,79.08,237.24
O99989,C1013,Webcam,1,84.09,84.09
O17977,C1004,Wireless Mouse,2,142.4,284.8
O16875,C1002,Laptop Sleeve,1,167.08,167.08
O16291,C1050,Phone Case,1,170.91,170.91
O27143,C1051,Phone Case,1,117.42,117.42
O40983,C1019,Screen Protector,3,62.56,187.68
O16006,C1023,Laptop Sleeve,2,121.74,243.48
O44429,C1035,Bluetooth Headphones,2,79.75,159.5
O67896,C1017,Laptop Stand,2,50.91,101.82
O22521,C1058,Laptop Sleeve,1,75.69,75.69
O83464,C1010,Usb-C Cable,1,67.89,67.89
O25572,C1035,Portable Charger,1,30.13,30.13
O74482,C1007,Screen Protector,3,23.56,70.67999999999999
O51441,C1016,Hdmi Adapter,3,100.47,301.40999999999997
O26389,C1033,Hdmi Adapter,1,76.29,76.29
O81376,C1050,Phone Case,3,60.91,182.73
O48138,C1041,Laptop Sleeve,1,102.1,102.1
O16433,C1002,Desk Lamp,1,167.69,167.69
O57638,C1029,Wireless Mouse,3,26.4,79.19999999999999
O44152,C1014,Hdmi Adapter,2,99.13,198.26
O17331,C1044,Hdmi Adapter,1,47.4,47.4
O51035,C1037,Phone Case,3,77.38,232.14
O73068,C1004,Webcam,3,106.57,319.71
O62386,C1004,Screen Protector,3,83.06,249.18
O82151,C1020,Laptop Sleeve,1,98.98,98.98
O17144,C1000,Portable Charger,3,65.98,197.94
O28162,C1026,Webcam,3,112.87,338.61
O53815,C1006,Wireless Mouse,2,70.02,140.04
O73559,C1009,Mechanical Keyboard,3,39.1,117.30000000000001
O84278,C1035,Laptop Stand,1,71.14,71.14
O51048,C1048,Phone Case,1,174.35,174.35
O96309,C1010,Screen Protector,3,44.04,132.12
O74361,C1031,Webcam,2,72.54,145.08
O10157,C1030,Screen Protector,1,99.13,99.13
O56170,C1026,Hdmi Adapter,3,91.33500000000001,274.005
O60040,C1008,Screen Protector,3,127.46,382.38
O59601,C1018,Screen Protector,1,68.55,68.55
O72908,C1053,Usb-C Cable,2,87.61,175.22
O83812,C1040,Laptop Sleeve,2,101.85,203.7
O86445,C1014,Laptop Stand,3,60.11,180.32999999999998
O11821,C1034,Webcam,3,114.0,342.0
O75390,C1039,Hdmi Adapter,3,78.86,236.57999999999998
O20114,C1049,Laptop Stand,1,58.88,58.88
O70108,C1044,Screen Protector,1,64.94,64.94
O59601,C1018,Usb-C Cable,3,26.17,78.51
O65640,C1044,Mechanical Keyboard,3,21.58,64.74
O83812,C1040,Mechanical Keyboard,2,105.55,211.1
O91345,C1005,Wireless Mouse,3,158.36,475.08000000000004
O21239,C1033,Bluetooth Headphones,2,132.56,265.12
O81188,C1049,Usb-C Cable,2,171.66,343.32
O14085,C1056,Phone Case,2,66.33,132.66
O79616,C1029,Desk Lamp,3,177.92,533.76
O85385,C1018,Mechanical Keyboard,1,93.61,93.61
O33385,C1027,Laptop Sleeve,2,57.51,115.02
O96847,C1050,Portable Charger,2,54.33,108.66
O91877,C1020,Laptop Stand,2,19.35,38.7
O19539,C1017,Hdmi Adapter,3,40.36,121.08
O67944,C1011,Laptop Stand,1,70.09,70.09
O46463,C1026,Desk Lamp,1,147.22,147.22
O32825,C1001,Wireless Mouse,2,11.7,23.4
O16433,C1002,Wireless Mouse,2,134.3,268.6
O75514,C1034,Laptop Stand,2,72.79,145.58
O37973,C1038,Mechanical Keyboard,1,22.38,22.38
O56338,C1004,Mechanical Keyboard,1,93.83,93.83
O32344,C1055,Portable Charger,3,102.91,308.73
O66917,C1055,Mechanical Keyboard,2,15.61,31.22
O89711,C1014,Laptop Sleeve,3,92.36,277.08
O59592,C1056,Laptop Sleeve,3,54.81,164.43
O18450,C1027,Mechanical Keyboard,1,14.58,14.58
O67424,C1013,Usb-C Cable,3,35.24,105.72
O98280,C1054,Usb-C Cable,3,129.21,387.63
O69641,C1002,Portable Charger,2,105.47,210.94
O82154,C1002,Webcam,1,164.67,164.67
O22924,C1041,Bluetooth Headphones,2,133.59,267.18
O43947,C1049,Portable Charger,3,93.6,280.79999999999995
O54514,C1000,Laptop Sleeve,3,29.67,89.01
O26389,C1033,Webcam,3,133.18,399.54
O32273,C1038,Portable Charger,3,179.25,537.75
O97528,C1041,Laptop Stand,3,140.41,421.23
O79761,C1022,Desk Lamp,2,21.52,43.04
O41404,C1021,Mechanical Keyboard,3,169.85,509.54999999999995
O67708,C1009,Laptop Stand,2,119.78,239.56
O68360,C1020,Hdmi Adapter,2,91.29,182.58
O93744,C1053,Desk Lamp,3,141.19,423.57
O65823,C1044,Screen Protector,3,137.5,412.5
O53100,C1046,Hdmi Adapter,2,49.75,99.5
O16051,C1010,Bluetooth Headphones,2,92.36,184.72
O70513,C1019,Laptop Stand,2,140.34,280.68
O18469,C1033,Desk Lamp,1,29.6,29.6
O44099,C1005,Laptop Sleeve,2,179.98,359.96
O31567,C1050,Laptop Sleeve,1,88.55,88.55
O37521,C1008,Hdmi Adapter,3,170.79,512.37
O39190,C1015,Screen Protector,2,25.65,51.3
O93665,C1012,Screen Protector,1,139.22,139.22
O23951,C1011,Portable Charger,1,137.5,137.5
O19828,C1012,Hdmi Adapter,2,153.73,307.46
O40983,C1019,Phone Case,1,59.75,59.75
O27589,C1018,Hdmi Adapter,2,154.38,308.76
O46349,C1006,Bluetooth Headphones,3,50.58,151.74
O15383,C1054,Portable Charger,2,80.73,161.46
O74418,C1034,Portable Charger,1,73.71,73.71
O19813,C1029,Wireless Mouse,2,19.49,38.98
O47089,C1031,Webcam,3,53.03,159.09
O48401,C1045,Mechanical Keyboard,1,19.15,19.15
O89635,C1043,Bluetooth Headphones,2,124.63,249.26
O79226,C1054,Hdmi Adapter,1,166.09,166.09
O20031,C1015,Screen Protector,2,158.8,317.6
O44311,C1011,Screen Protector,3,141.29,423.87
O40115,C1041,Laptop Stand,3,122.54,367.62
O79258,C1041,Desk Lamp,3,134.32,402.96
O51984,C1032,Laptop Stand,3,20.4,61.199999999999996
O52229,C1012,Hdmi Adapter,2,10.86,21.72
O85849,C1007,Phone Case,3,42.11,126.33
O16051,C1010,Laptop Stand,1,44.09,44.09
O52904,C1012,Screen Protector,2,132.63,265.26
O39922,C1015,Hdmi Adapter,1,70.66,70.66
O43544,C1057,Bluetooth Headphones,1,45.09,45.09
O38905,C1026,Phone Case,2,149.6,299.2
O29087,C1048,Portable Charger,1,121.12,121.12
O15833,C1046,Usb-C Cable,2,169.87,339.74
O87550,C1026,Screen Protector,1,59.58,59.58
O98587,C1011,Screen Protector,3,140.78,422.34000000000003
O94125,C1031,Portable Charger,3,97.96,293.88
O94390,C1033,Mechanical Keyboard,3,143.76,431.28
O10004,C1039,Phone Case,1,96.665,96.665
O33206,C1056,Laptop Stand,2,158.01,316.02
O50372,C1021,Mechanical Keyboard,3,105.55,316.65
O54265,C1031,Laptop Sleeve,3,102.1,306.29999999999995
O35032,C1031,Mechanical Keyboard,1,86.6,86.6
O72685,C1007,Screen Protector,2,135.82,271.64
O48289,C1055,Mechanical Keyboard,3,129.8,389.40000000000003
O83812,C1040,Portable Charger,2,31.23,62.46
O45060,C1016,Screen Protector,1,112.86,112.86
O47649,C1010,Desk Lamp,1,135.05,135.05
O95093,C1013,Bluetooth Headphones,3,116.42,349.26
O36624,C1032,Phone Case,3,103.17,309.51
O21239,C1033,Wireless Mouse,1,30.74,30.74
O21690,C1016,Webcam,1,120.5,120.5
O39329,C1000,Laptop Sleeve,1,76.31,76.31
O20031,C1015,Bluetooth Headphones,2,135.37,270.74
O99318,C1042,Webcam,2,29.01,58.02
O89602,C1039,Bluetooth Headphones,3,103.31,309.93
O61543,C1029,Bluetooth Headphones,2,31.04,62.08
O29805,C1007,Phone Case,3,38.63,115.89000000000001
O27548,C1051,Webcam,1,51.78,51.78
O90903,C1009,Wireless Mouse,3,14.59,43.769999999999996
O83464,C1010,Webcam,3,80.94,242.82
O46349,C1006,Webcam,1,157.13,157.13
O94341,C1008,Screen Protector,1,116.28,116.28
O69486,C1036,Usb-C Cable,2,65.68,131.36
O66949,C1035,Webcam,2,141.6,283.2
O97835,C1005,Portable Charger,3,17.32,51.96
O82999,C1058,Laptop Sleeve,3,134.15,402.45000000000005
O88390,C1009,Bluetooth Headphones,3,47.39,142.17000000000002
O22502,C1041,Mechanical Keyboard,1,104.47,104.47
O31856,C1003,Laptop Sleeve,2,55.89,111.78
O79922,C1016,Desk Lamp,1,72.45,72.45
O11818,C1044,Phone Case,1,32.97,32.97
O53848,C1002,Webcam,1,160.74,160.74
O38905,C1026,Usb-C Cable,2,140.88,281.76
O58200,C1056,Mechanical Keyboard,1,149.27,149.27
O56170,C1026,Screen Protector,3,126.39,379.17
O16006,C1023,Phone Case,2,85.99,171.98
O30568,C1003,Hdmi Adapter,2,94.96,189.92
O44513,C1041,Wireless Mouse,2,148.56,297.12
O73559,C1009,Usb-C Cable,1,168.64,168.64
O26539,C1048,Laptop Stand,3,103.69,311.07
O95362,C1034,Hdmi Adapter,1,21.33,21.33
O72908,C1053,Hdmi Adapter,2,22.1,44.2
O73559,C1009,Wireless Mouse,3,121.63,364.89
O44429,C1035,Laptop Stand,3,59.63,178.89000000000001
O34551,C1000,Laptop Stand,1,122.27,122.27
O30321,C1056,Screen Protector,3,172.03,516.09
O65640,C1044,Wireless Mouse,1,68.47,68.47
O51441,C1016,Usb-C Cable,1,167.79,167.79
O89711,C1014,Mechanical Keyboard,3,118.31,354.93
O69641,C1002,Phone Case,1,88.21,88.21
O72613,C1000,Webcam,2,59.47,118.94
O46294,C1022,Laptop Sleeve,2,129.47,258.94
O77559,C1030,Bluetooth Headphones,3,119.82,359.46
O39350,C1035,Usb-C Cable,1,15.85,15.85
O83446,C1047,Mechanical Keyboard,3,112.16,336.48
O53848,C1002,Laptop Stand,1,128.93,128.93
O72367,C1049,Webcam,2,29.02,58.04
O64565,C1030,Mechanical Keyboard,2,38.83,77.66
O22015,C1003,Laptop Stand,3,178.08,534.24
O36624,C1032,Desk Lamp,2,92.84,185.68
O38974,C1014,Bluetooth Headphones,2,18.96,37.92
O99318,C1042,Desk Lamp,2,173.33,346.66
O65822,C1059,Webcam,3,141.14,423.41999999999996
O54150,C1037,Portable Charger,3,55.02,165.06
O52538,C1030,Laptop Sleeve,3,176.07,528.21
O18913,C1035,Laptop Sleeve,3,157.76,473.28
O39937,C1010,Portable Charger,1,73.87,73.87
O33206,C1056,Usb-C Cable,3,123.22,369.65999999999997
O91345,C1005,Bluetooth Headphones,1,87.95,87.95
O65212,C1031,Wireless Mouse,2,28.51,57.02
O42757,C1026,Bluetooth Headphones,1,147.77,147.77
O98587,C1011,Laptop Sleeve,1,57.71,57.71
O41224,C1027,Desk Lamp,3,121.39,364.17
O50449,C1002,Laptop Sleeve,2,75.19,150.38
O44152,C1014,Webcam,2,108.72,217.44
O30730,C1041,Wireless Mouse,3,164.97,494.90999999999997
O72294,C1000,Portable Charger,1,126.41,126.41
O29401,C1036,Usb-C Cable,3,34.56,103.68
O37556,C1050,Mechanical Keyboard,1,60.47,60.47
O27940,C1002,Laptop Stand,1,108.85,108.85
O10358,C1035,Laptop Sleeve,2,154.59,309.18
O42943,C1050,Screen Protector,2,42.93,85.86
O75700,C1022,Laptop Stand,3,31.61,94.83
O42142,C1017,Hdmi Adapter,1,58.67,58.67
O89478,C1003,Desk Lamp,2,73.52,147.04
O51048,C1048,Screen Protector,1,149.98,149.98
O84473,C1059,Usb-C Cable,3,116.33,348.99
O80442,C1051,Wireless Mouse,3,44.76,134.28
O36299,C1054,Screen Protector,2,50.24,100.48
O34752,C1059,Laptop Sleeve,1,140.95,140.95
O28249,C1047,Laptop Stand,2,91.07,182.14
O87170,C1030,Phone Case,3,60.07,180.21
O84757,C1001,Portable Charger,3,75.13,225.39
O99024,C1016,Usb-C Cable,1,138.76,138.76
O95254,C1004,Usb-C Cable,2,124.02,248.04
O47261,C1049,Phone Case,1,63.65,63.65
O89478,C1003,Mechanical Keyboard,1,38.85,38.85
O69606,C1052,Portable Charger,2,94.55,189.1
O30446,C1053,Mechanical Keyboard,3,139.45,418.34999999999997
O60040,C1008,Portable Charger,1,80.19,80.19
O48165,C1002,Hdmi Adapter,3,166.07,498.21
O24029,C1056,Phone Case,2,117.09,234.18
O66893,C1018,Laptop Stand,1,147.98,147.98
O65590,C1038,Desk Lamp,1,71.12,71.12
O66533,C1025,Hdmi Adapter,2,47.19,94.38
O85650,C1045,Screen Protector,1,176.48,176.48
O53815,C1006,Mechanical Keyboard,3,28.7,86.1
O72021,C1020,Desk Lamp,3,144.52,433.56000000000006
O67377,C1019,Desk Lamp,2,84.06,168.12
O60785,C1038,Usb-C Cable,2,50.45,100.9
O25097,C1015,Laptop Stand,1,17.14,17.14
O73908,C1026,Laptop Sleeve,3,102.1,306.29999999999995
O85757,C1016,Laptop Sleeve,1,70.31,70.31
O93735,C1049,Bluetooth Headphones,2,161.45,322.9
O46294,C1022,Desk Lamp,1,9.57,9.57
O59716,C1047,Wireless Mouse,1,129.42,129.42
O46048,C1040,Bluetooth Headphones,1,50.12,50.12
O31146,C1039,Desk Lamp,1,57.54,57.54
O81549,C1036,Wireless Mouse,3,12.37,37.11
O42142,C1017,Screen Protector,3,89.26,267.78000000000003
O86916,C1015,Laptop Sleeve,2,128.54,257.08
O45060,C1016,Mechanical Keyboard,3,162.17,486.51
O66893,C1018,Usb-C Cable,1,13.72,13.72
O67640,C1059,Hdmi Adapter,2,19.75,39.5
O23159,C1031,Webcam,2,102.21,204.42
O85650,C1045,Hdmi Adapter,2,177.87,355.74
O47261,C1049,Bluetooth Headphones,3,85.93,257.79
O34530,C1006,Wireless Mouse,1,38.94,38.94
O58409,C1013,Screen Protector,1,160.92,160.92
O44311,C1011,Phone Case,2,102.6,205.2
O95181,C1029,Phone Case,3,18.47,55.41
O33500,C1018,Mechanical Keyboard,1,178.39,178.39
O58409,C1013,Desk Lamp,1,166.53,166.53
O84000,C1002,Usb-C Cable,3,146.01,438.03
O67068,C1008,Laptop Stand,2,23.97,47.94
O59923,C1051,Screen Protector,3,41.72,125.16
O67271,C1003,Portable Charger,3,55.26,165.78
O97528,C1041,Laptop Sleeve,2,28.33,56.66
O94390,C1033,Portable Charger,3,37.09,111.27000000000001
O72021,C1020,Laptop Sleeve,1,102.1,102.1
O77284,C1027,Bluetooth Headphones,2,66.78,133.56
O15370,C1034,Usb-C Cable,2,73.62,147.24
O28423,C1004,Hdmi Adapter,3,171.34,514.02
O67068,C1008,Laptop Sleeve,1,96.98,96.98
O95237,C1024,Desk Lamp,3,73.72,221.16
O76127,C1037,Usb-C Cable,3,157.61,472.83000000000004
O44311,C1011,Laptop Sleeve,3,179.53,538.59
O41946,C1045,Hdmi Adapter,1,53.95,53.95
O90775,C1010,Webcam,1,130.12,130.12
O30760,C1022,Bluetooth Headphones,2,171.96,343.92
O68422,C1012,Bluetooth Headphones,3,86.48,259.44
O61964,C1056,Laptop Sleeve,3,150.72,452.15999999999997
O60012,C1037,Mechanical Keyboard,2,167.01,334.02
O37521,C1008,Laptop Stand,3,177.46,532.38
O28671,C1046,Webcam,1,105.57,105.57
O58409,C1013,Bluetooth Headphones,1,14.93,14.93
O25931,C1029,Desk Lamp,2,66.04,132.08
O95267,C1001,Mechanical Keyboard,3,179.09,537.27
O85552,C1038,Laptop Sleeve,2,69.85,139.7
O93611,C1015,Laptop Stand,2,80.98,161.96
O17806,C1008,Usb-C Cable,1,70.76,70.76
O43352,C1029,Bluetooth Headphones,1,91.38,91.38
O26193,C1012,Phone Case,3,23.68,71.03999999999999
O69988,C1029,Phone Case,3,160.99,482.97
O80505,C1057,Screen Protector,1,145.43,145.43
O99173,C1044,Hdmi Adapter,3,27.3,81.9
O89635,C1043,Usb-C Cable,3,73.85,221.54999999999998
O84757,C1001,Webcam,2,179.35,358.7
O85457,C1058,Laptop Stand,2,153.6,307.2
O60785,C1038,Laptop Sleeve,1,92.53,92.53
O56961,C1028,Mechanical Keyboard,1,173.92,173.92
O38177,C1027,Laptop Stand,3,25.45,76.35
O32734,C1008,Portable Charger,1,113.34,113.34
O77917,C1022,Bluetooth Headphones,2,56.4,112.8
O40115,C1041,Portable Charger,1,105.93,105.93
O68209,C1047,Hdmi Adapter,1,94.58,94.58
O74011,C1037,Bluetooth Headphones,2,60.6,121.2
O63665,C1019,Webcam,1,60.31,60.31
O56769,C1031,Portable Charger,1,174.01,174.01
O26260,C1023,Webcam,2,138.2,276.4
O30489,C1048,Bluetooth Headphones,1,91.38,91.38
O60342,C1049,Phone Case,2,96.665,193.33
O66087,C1014,Phone Case,1,131.27,131.27
O56170,C1026,Portable Charger,1,76.51,76.51
O69338,C1051,Wireless Mouse,1,9.65,9.65
O29805,C1007,Portable Charger,2,80.73,161.46
O85650,C1045,Laptop Sleeve,3,63.48,190.44
O49221,C1059,Webcam,2,148.31,296.62
O73020,C1038,Desk Lamp,1,150.37,150.37
O51441,C1016,Desk Lamp,3,146.82,440.46
O15956,C1010,Wireless Mouse,2,142.05,284.1
O96743,C1038,Laptop Stand,1,20.21,20.21
O50944,C1014,Usb-C Cable,1,31.26,31.26
O97424,C1041,Usb-C Cable,3,38.66,115.97999999999999
O26539,C1048,Laptop Sleeve,2,151.47,302.94
O28407,C1015,Laptop Stand,2,32.49,64.98
O74058,C1036,Bluetooth Headphones,2,101.84,203.68
O66414,C1034,Bluetooth Headphones,1,159.38,159.38
O30489,C1048,Desk Lamp,3,110.62,331.86
O66917,C1055,Laptop Stand,3,107.67,323.01
O88018,C1050,Phone Case,2,73.79,147.58
O55093,C1024,Laptop Sleeve,1,179.93,179.93
O82154,C1002,Laptop Stand,3,130.4,391.20000000000005
O95254,C1004,Desk Lamp,2,149.08,298.16
O58349,C1010,Laptop Stand,3,148.38,445.14
O22015,C1003,Phone Case,1,96.665,96.665
O15956,C1010,Laptop Sleeve,1,172.4,172.4
O15833,C1046,Phone Case,1,55.39,55.39
O77499,C1046,Webcam,2,104.6,209.2
O49720,C1002,Screen Protector,1,160.17,160.17
O11818,C1044,Usb-C Cable,2,59.76,119.52
O79258,C1041,Bluetooth Headphones,1,96.32,96.32
O61543,C1029,Phone Case,1,106.09,106.09
O65690,C1045,Hdmi Adapter,2,126.51,253.02
O22363,C1036,Desk Lamp,3,120.39,361.17
O56338,C1004,Desk Lamp,3,45.59,136.77
O68065,C1048,Wireless Mouse,1,47.72,47.72
O42949,C1038,Laptop Stand,3,106.96,320.88
O88390,C1009,Laptop Stand,2,178.03,356.06
O39922,C1015,Phone Case,1,98.35,98.35
O40771,C1045,Portable Charger,2,144.94,289.88
O74361,C1031,Laptop Stand,2,144.82,289.64
O45162,C1056,Phone Case,3,154.64,463.91999999999996
O75251,C1009,Mechanical Keyboard,2,68.0,136.0
O38369,C1058,Laptop Sleeve,3,69.06,207.18
O67536,C1049,Hdmi Adapter,3,9.84,29.52
O45804,C1042,Desk Lamp,3,45.08,135.24
O26193,C1012,Mechanical Keyboard,2,37.39,74.78
O33500,C1018,Desk Lamp,1,161.5,161.5
O57028,C1055,Desk Lamp,2,92.84,185.68
O52538,C1030,Phone Case,1,42.4,42.4
O96743,C1038,Laptop Sleeve,3,9.17,27.509999999999998
O11851,C1056,Hdmi Adapter,2,71.17,142.34
O46698,C1037,Laptop Stand,3,64.79,194.37
O44099,C1005,Bluetooth Headphones,1,13.34,13.34
O95196,C1027,Usb-C Cable,1,119.61,119.61
O85448,C1059,Hdmi Adapter,1,123.08,123.08
O98740,C1031,Webcam,3,95.49,286.46999999999997
O54845,C1043,Hdmi Adapter,1,138.87,138.87
O67068,C1008,Bluetooth Headphones,1,149.26,149.26
O31884,C1031,Laptop Sleeve,2,13.05,26.1
O81376,C1050,Webcam,1,46.67,46.67
O40827,C1051,Laptop Sleeve,1,70.21,70.21
O65985,C1014,Laptop Stand,2,74.29,148.58
O95749,C1005,Hdmi Adapter,2,120.04,240.08
O28776,C1022,Usb-C Cable,2,105.41,210.82
O18330,C1026,Laptop Sleeve,2,89.91,179.82
O44099,C1005,Desk Lamp,2,171.61,343.22
O49139,C1030,Mechanical Keyboard,2,137.6,275.2
O53393,C1005,Laptop Stand,1,70.06,70.06
O69695,C1037,Screen Protector,3,94.66,283.98
O90903,C1009,Mechanical Keyboard,1,176.61,176.61
O32273,C1038,Hdmi Adapter,3,107.44,322.32
O11292,C1021,Laptop Stand,2,133.27,266.54
O85308,C1010,Bluetooth Headphones,3,17.94,53.82000000000001
O34530,C1006,Portable Charger,2,80.92,161.84
O11850,C1023,Phone Case,1,46.61,46.61
O42142,C1017,Phone Case,3,107.7,323.1
O24253,C1011,Phone Case,1,96.665,96.665
O30321,C1056,Laptop Sleeve,2,74.43,148.86
O96754,C1001,Desk Lamp,3,110.18,330.54
O85385,C1018,Wireless Mouse,2,28.33,56.66
O79761,C1022,Laptop Stand,3,91.07,273.21
O73083,C1024,Webcam,2,149.28,298.56
O68517,C1028,Hdmi Adapter,1,107.58,107.58
O47089,C1031,Laptop Stand,2,22.75,45.5
O66949,C1035,Phone Case,3,106.27,318.81
O22363,C1036,Laptop Sleeve,1,158.41,158.41
O62354,C1000,Phone Case,2,68.74,137.48
O56961,C1028,Webcam,2,146.91,293.82
O22924,C1041,Phone Case,1,12.22,12.22
O47087,C1055,Hdmi Adapter,1,63.59,63.59
O65067,C1059,Desk Lamp,3,84.34,253.02
O49720,C1002,Hdmi Adapter,3,26.81,80.42999999999999
O69606,C1052,Laptop Stand,3,167.91,503.73
O89711,C1014,Phone Case,2,22.38,44.76
O49363,C1058,Phone Case,1,102.25,102.25
O85813,C1012,Mechanical Keyboard,1,105.55,105.55
O89668,C1001,Laptop Sleeve,3,25.24,75.72
O38153,C1012,Bluetooth Headphones,3,153.43,460.29
O40827,C1051,Phone Case,1,166.4,166.4
O59592,C1056,Webcam,1,45.94,45.94
O54514,C1000,Webcam,3,119.96,359.88
O76287,C1004,Bluetooth Headphones,1,86.43,86.43
O13646,C1001,Usb-C Cable,3,95.635,286.90500000000003
O29087,C1048,Wireless Mouse,2,33.35,66.7
O58200,C1056,Desk Lamp,1,145.42,145.42
O54265,C1031,Hdmi Adapter,1,119.59,119.59
O30070,C1028,Desk Lamp,3,53.23,159.69
O83713,C1045,Bluetooth Headphones,2,119.23,238.46
O73483,C1031,Desk Lamp,3,67.36,202.07999999999998
O53904,C1040,Wireless Mouse,3,38.95,116.85000000000001
O73908,C1026,Mechanical Keyboard,3,141.05,423.15000000000003
O44931,C1002,Bluetooth Headphones,3,84.19,252.57
O45804,C1042,Laptop Sleeve,1,43.16,43.16
O91345,C1005,Desk Lamp,2,154.73,309.46
O59716,C1047,Bluetooth Headphones,1,54.92,54.92
O98294,C1044,Usb-C Cable,2,133.83,267.66
O28827,C1027,Portable Charger,2,109.6,219.2
O41594,C1020,Laptop Sleeve,2,84.54,169.08
O12263,C1020,Hdmi Adapter,1,19.02,19.02
O30868,C1031,Mechanical Keyboard,2,173.0,346.0
O32570,C1041,Bluetooth Headphones,1,175.27,175.27
O50944,C1014,Portable Charger,1,125.66,125.66
O65816,C1029,Mechanical Keyboard,3,110.32,330.96
O17255,C1022,Laptop Stand,1,102.52,102.52
O25207,C1002,Webcam,1,44.53,44.53
O26260,C1023,Laptop Sleeve,2,25.82,51.64
O24996,C1027,Laptop Sleeve,3,154.68,464.04
O44311,C1011,Webcam,1,92.49,92.49
O41404,C1021,Laptop Sleeve,1,146.68,146.68
O19634,C1037,Portable Charger,1,70.04,70.04
O42325,C1029,Usb-C Cable,1,45.72,45.72
O53848,C1002,Wireless Mouse,1,122.09,122.09
O67896,C1017,Hdmi Adapter,1,96.63,96.63
O25931,C1029,Wireless Mouse,2,79.73,159.46
O27589,C1018,Screen Protector,3,119.51,358.53000000000003
O91345,C1005,Screen Protector,1,103.22,103.22
O65823,C1044,Wireless Mouse,1,160.73,160.73
O57028,C1055,Laptop Sleeve,2,14.95,29.9
O98251,C1034,Mechanical Keyboard,3,158.5,475.5
O69318,C1035,Mechanical Keyboard,3,105.55,316.65
O75639,C1043,Usb-C Cable,3,140.27,420.81000000000006
O93611,C1015,Desk Lamp,2,26.34,52.68
O37021,C1005,Webcam,2,32.61,65.22
O92956,C1013,Laptop Stand,1,82.68,82.68
O29087,C1048,Screen Protector,1,80.59,80.59
O50944,C1014,Webcam,3,99.67,299.01
O39189,C1006,Mechanical Keyboard,1,23.85,23.85
O72373,C1009,Usb-C Cable,3,163.08,489.24
O93418,C1057,Portable Charger,3,9.24,27.72
O22924,C1041,Webcam,2,72.35,144.7
O93476,C1045,Laptop Sleeve,3,130.14,390.41999999999996
O39068,C1026,Laptop Stand,3,8.09,24.27
O83713,C1045,Desk Lamp,2,78.98,157.96
O81667,C1011,Wireless Mouse,1,40.02,40.02
O94125,C1031,Mechanical Keyboard,3,34.78,104.34
O77147,C1008,Portable Charger,1,45.38,45.38
O70341,C1036,Bluetooth Headphones,3,59.65,178.95
O19567,C1036,Desk Lamp,1,166.4,166.4
O38905,C1026,Desk Lamp,2,58.24,116.48
O66533,C1025,Wireless Mouse,3,155.91,467.73
O51976,C1059,Usb-C Cable,3,107.39,322.17
O51059,C1024,Screen Protector,2,32.18,64.36
O89711,C1014,Bluetooth Headphones,2,33.45,66.9
O12102,C1023,Laptop Stand,1,80.53,80.53
O79616,C1029,Hdmi Adapter,2,161.43,322.86
O65191,C1008,Usb-C Cable,1,72.92,72.92
O17972,C1002,Bluetooth Headphones,2,102.32,204.64
O65590,C1038,Usb-C Cable,3,93.68,281.04
O19539,C1017,Portable Charger,1,65.27,65.27
O69988,C1029,Hdmi Adapter,1,14.36,14.36
O37973,C1038,Desk Lamp,2,163.08,326.16
O49085,C1032,Bluetooth Headphones,2,163.99,327.98
O54729,C1037,Hdmi Adapter,2,73.46,146.92
O41224,C1027,Usb-C Cable,1,30.68,30.68
O53904,C1040,Portable Charger,3,49.59,148.77
O84278,C1035,Desk Lamp,1,156.02,156.02
O17686,C1030,Hdmi Adapter,1,176.83,176.83
O11105,C1052,Usb-C Cable,3,129.1,387.29999999999995
O94341,C1008,Usb-C Cable,1,56.3,56.3
O56112,C1033,Webcam,2,128.89,257.78
O98251,C1034,Desk Lamp,1,170.6,170.6
O81549,C1036,Desk Lamp,3,83.66,250.98
O96754,C1001,Bluetooth Headphones,2,16.45,32.9
O69338,C1051,Hdmi Adapter,3,54.96,164.88
O61296,C1035,Mechanical Keyboard,3,75.26,225.78000000000003
O23159,C1031,Hdmi Adapter,1,22.14,22.14
O28671,C1046,Laptop Stand,1,35.68,35.68
O95843,C1005,Mechanical Keyboard,1,16.47,16.47
O27888,C1012,Phone Case,1,123.48,123.48
O39190,C1015,Bluetooth Headphones,2,85.07,170.14
O66533,C1025,Laptop Sleeve,1,71.68,71.68
O31146,C1039,Bluetooth Headphones,2,132.36,264.72
O27589,C1018,Laptop Sleeve,1,138.25,138.25
O36006,C1007,Laptop Stand,3,109.69,329.07
O16433,C1002,Screen Protector,2,161.15,322.3
O44167,C1008,Hdmi Adapter,3,166.78,500.34000000000003
O60012,C1037,Webcam,1,20.34,20.34
O26843,C1024,Laptop Stand,3,158.1,474.29999999999995
O87732,C1057,Portable Charger,3,71.62,214.86
O74418,C1034,Bluetooth Headphones,1,51.96,51.96
O67892,C1020,Bluetooth Headphones,1,102.02,102.02
O68918,C1020,Laptop Sleeve,3,72.95,218.85000000000002
O69988,C1029,Laptop Sleeve,1,156.29,156.29
O81820,C1026,Laptop Stand,2,142.9,285.8
O25386,C1002,Wireless Mouse,1,141.41,141.41
O26389,C1033,Usb-C Cable,1,95.635,95.635
O77582,C1024,Webcam,2,63.53,127.06
O86916,C1015,Desk Lamp,2,156.27,312.54
O36624,C1032,Laptop Sleeve,1,73.33,73.33
O68360,C1020,Laptop Sleeve,3,127.17,381.51
O31516,C1018,Phone Case,2,28.77,57.54
O40603,C1022,Bluetooth Headphones,3,44.44,133.32
O80442,C1051,Bluetooth Headphones,1,177.76,177.76
O63788,C1026,Webcam,3,94.31,282.93
O19154,C1021,Laptop Stand,1,9.18,9.18
O39068,C1026,Laptop Sleeve,2,65.82,131.64
O63665,C1019,Laptop Sleeve,1,149.61,149.61
O47649,C1010,Laptop Stand,1,57.79,57.79
O83752,C1036,Phone Case,2,142.08,284.16
O39368,C1023,Desk Lamp,1,107.4,107.4
O10540,C1012,Hdmi Adapter,1,115.79,115.79
O96474,C1046,Phone Case,3,89.75,269.25
O70925,C1048,Phone Case,1,103.14,103.14
O95799,C1039,Laptop Sleeve,3,104.35,313.04999999999995
O76127,C1037,Wireless Mouse,1,26.17,26.17
O94550,C1004,Screen Protector,2,137.2,274.4
O86619,C1029,Hdmi Adapter,3,91.33500000000001,274.005
O93735,C1049,Wireless Mouse,1,96.42,96.42
O44208,C1027,Wireless Mouse,1,20.85,20.85
O87937,C1048,Screen Protector,2,117.94,235.88
O21395,C1045,Wireless Mouse,2,170.96,341.92
O95597,C1058,Laptop Sleeve,2,124.96,249.92
O94341,C1008,Laptop Stand,2,47.62,95.24
O86619,C1029,Laptop Sleeve,3,160.09,480.27
O56598,C1039,Hdmi Adapter,3,118.87,356.61
O96743,C1038,Usb-C Cable,2,95.37,190.74
O28162,C1026,Bluetooth Headphones,3,11.91,35.730000000000004
O30883,C1023,Desk Lamp,2,67.29,134.58
O83812,C1040,Laptop Stand,3,140.7,422.09999999999997
O54714,C1041,Wireless Mouse,3,55.35,166.05
O98208,C1051,Webcam,3,166.31,498.93
O66949,C1035,Screen Protector,1,70.83,70.83
O61296,C1035,Laptop Sleeve,1,90.98,90.98
O28423,C1004,Phone Case,2,146.75,293.5
O15956,C1010,Usb-C Cable,3,125.77,377.31
O12102,C1023,Phone Case,3,159.75,479.25
O88172,C1040,Webcam,3,170.1,510.29999999999995
O42943,C1050,Bluetooth Headphones,3,137.88,413.64
O46698,C1037,Phone Case,3,38.67,116.01
O64602,C1049,Hdmi Adapter,1,114.31,114.31
O16258,C1018,Phone Case,1,110.64,110.64
O31093,C1002,Laptop Sleeve,3,92.37,277.11
O72908,C1053,Mechanical Keyboard,1,160.45,160.45
O63788,C1026,Laptop Stand,1,31.75,31.75
O98987,C1019,Webcam,2,42.32,84.64
O63120,C1048,Phone Case,3,73.23,219.69
O16433,C1002,Hdmi Adapter,3,71.01,213.03000000000003
O31516,C1018,Bluetooth Headphones,1,138.23,138.23
O69318,C1035,Usb-C Cable,1,83.02,83.02
O27556,C1037,Hdmi Adapter,1,61.87,61.87
O44099,C1005,Usb-C Cable,1,73.21,73.21
O89668,C1001,Usb-C Cable,1,40.31,40.31
O11818,C1044,Wireless Mouse,1,40.82,40.82
O74418,C1034,Webcam,1,156.26,156.26
O70178,C1037,Phone Case,1,167.48,167.48
O36738,C1018,Bluetooth Headphones,1,104.64,104.64
O67176,C1053,Webcam,1,79.84,79.84
O34688,C1017,Laptop Sleeve,3,121.61,364.83
O39329,C1000,Bluetooth Headphones,3,104.57,313.71
O21297,C1050,Laptop Stand,2,159.52,319.04
O73559,C1009,Laptop Stand,1,118.47,118.47
O53815,C1006,Desk Lamp,3,55.46,166.38
O36738,C1018,Usb-C Cable,1,137.62,137.62
O53758,C1012,Bluetooth Headphones,3,109.66,328.98
O53758,C1012,Webcam,3,107.53,322.59000000000003
O68422,C1012,Laptop Stand,2,92.44,184.88
O67536,C1049,Desk Lamp,3,95.81,287.43
O72367,C1049,Mechanical Keyboard,1,17.09,17.09
O84967,C1018,Screen Protector,3,170.41,511.23
O27143,C1051,Hdmi Adapter,1,33.55,33.55
O17806,C1008,Laptop Sleeve,3,11.77,35.31
O53393,C1005,Laptop Sleeve,3,137.37,412.11
O19287,C1057,Mechanical Keyboard,2,96.43,192.86
O40957,C1019,Usb-C Cable,2,155.54,311.08
O66533,C1025,Mechanical Keyboard,3,142.89,428.66999999999996
O84603,C1005,Bluetooth Headphones,2,128.15,256.3
O85248,C1023,Wireless Mouse,2,46.9,93.8
O95799,C1039,Screen Protector,2,123.49,246.98
O13697,C1037,Portable Charger,1,111.49,111.49
O30730,C1041,Webcam,3,139.15,417.45000000000005
O67377,C1019,Screen Protector,3,47.37,142.10999999999999
O18934,C1006,Wireless Mouse,2,175.13,350.26
O61964,C1056,Webcam,3,25.04,75.12
O44931,C1002,Usb-C Cable,1,73.63,73.63
O50372,C1021,Desk Lamp,1,92.84,92.84
O86380,C1046,Mechanical Keyboard,2,122.14,244.28
O22521,C1058,Portable Charger,1,58.21,58.21
O81188,C1049,Laptop Stand,1,164.93,164.93
O72781,C1021,Laptop Sleeve,1,162.83,162.83
O97643,C1011,Screen Protector,1,39.24,39.24
O30730,C1041,Phone Case,3,86.04,258.12
O37483,C1005,Bluetooth Headphones,2,83.37,166.74
O43022,C1019,Phone Case,3,172.95,518.8499999999999
O72422,C1034,Bluetooth Headphones,1,96.53,96.53
O29401,C1036,Bluetooth Headphones,1,170.5,170.5
O19828,C1012,Phone Case,3,82.5,247.5
O54845,C1043,Bluetooth Headphones,3,81.9,245.70000000000002
O87250,C1030,Screen Protector,2,131.84,263.68
O87170,C1030,Hdmi Adapter,1,91.33500000000001,91.33500000000001
O47089,C1031,Usb-C Cable,1,132.99,132.99
O38307,C1056,Hdmi Adapter,3,79.3,237.89999999999998
O32570,C1041,Laptop Sleeve,3,159.18,477.54
O31856,C1003,Laptop Stand,3,168.07,504.21
O96309,C1010,Wireless Mouse,3,160.5,481.5
O43947,C1049,Phone Case,2,128.41,256.82
O17972,C1002,Hdmi Adapter,2,162.67,325.34
O69460,C1033,Webcam,2,66.63,133.26
O30070,C1028,Phone Case,3,43.35,130.05
O17686,C1030,Phone Case,1,152.23,152.23
O44167,C1008,Desk Lamp,2,39.28,78.56
O17686,C1030,Usb-C Cable,3,83.36,250.07999999999998
O14379,C1014,Phone Case,1,35.68,35.68
O96960,C1041,Wireless Mouse,1,102.18,102.18
O33385,C1027,Webcam,3,97.29,291.87
O65448,C1026,Portable Charger,3,39.95,119.85000000000001
O54921,C1046,Mechanical Keyboard,2,39.45,78.9
O15788,C1020,Usb-C Cable,2,176.3,352.6
O17686,C1030,Laptop Sleeve,3,18.89,56.67
O74058,C1036,Screen Protector,1,175.17,175.17
O19567,C1036,Mechanical Keyboard,1,10.87,10.87
O53100,C1046,Wireless Mouse,2,80.18,160.36
O89668,C1001,Webcam,1,74.05,74.05
O60040,C1008,Wireless Mouse,3,119.04,357.12
O59592,C1056,Laptop Stand,3,146.9,440.70000000000005
O54514,C1000,Desk Lamp,3,25.66,76.98
O34551,C1000,Portable Charger,3,143.26,429.78
O65690,C1045,Bluetooth Headphones,2,91.38,182.76
O65191,C1008,Screen Protector,2,108.04,216.08
O90315,C1052,Wireless Mouse,3,148.79,446.37
O36738,C1018,Wireless Mouse,2,145.4,290.8
O92132,C1005,Mechanical Keyboard,1,174.11,174.11
O19634,C1037,Laptop Stand,3,23.41,70.23
O43631,C1050,Webcam,2,100.92,201.84
O41217,C1046,Laptop Stand,3,47.81,143.43
O75382,C1028,Screen Protector,3,121.09,363.27
O70357,C1054,Webcam,1,165.56,165.56
O53704,C1044,Mechanical Keyboard,3,26.36,79.08
O97304,C1038,Wireless Mouse,3,93.49,280.46999999999997
O60342,C1049,Usb-C Cable,2,136.99,273.98
O81549,C1036,Laptop Sleeve,2,24.6,49.2
O87664,C1015,Wireless Mouse,2,64.09,128.18
O37973,C1038,Webcam,1,80.19,80.19
O99486,C1057,Desk Lamp,3,173.83,521.49
O59923,C1051,Webcam,3,179.24,537.72
O73654,C1031,Webcam,3,166.16,498.48
O14660,C1021,Desk Lamp,2,87.54,175.08
O90903,C1009,Webcam,3,49.99,149.97
O14085,C1056,Usb-C Cable,2,110.37,220.74
O85650,C1045,Portable Charger,1,107.65,107.65
O39937,C1010,Phone Case,1,135.41,135.41
O27025,C1056,Usb-C Cable,1,86.9,86.9
O66087,C1014,Webcam,2,169.52,339.04
O12087,C1022,Hdmi Adapter,2,175.94,351.88
O59592,C1056,Usb-C Cable,1,40.34,40.34
O77632,C1006,Laptop Stand,1,116.32,116.32
O69049,C1026,Screen Protector,2,164.26,328.52
O54265,C1031,Bluetooth Headphones,1,143.5,143.5
O27143,C1051,Usb-C Cable,2,174.56,349.12
O47653,C1030,Phone Case,2,80.17,160.34
O18913,C1035,Bluetooth Headphones,1,84.68,84.68
O77673,C1046,Laptop Stand,2,117.69,235.38
O27891,C1044,Wireless Mouse,2,27.11,54.22
O94355,C1044,Hdmi Adapter,2,147.35,294.7
O46211,C1051,Wireless Mouse,3,93.49,280.46999999999997
O39329,C1000,Usb-C Cable,2,51.41,102.82
O18957,C1032,Screen Protector,3,25.05,75.15
O37021,C1005,Usb-C Cable,2,59.81,119.62
O81667,C1011,Desk Lamp,2,124.71,249.42
O73517,C1030,Wireless Mouse,2,115.8,231.6
O69433,C1059,Hdmi Adapter,2,166.7,333.4
O34259,C1051,Mechanical Keyboard,3,105.55,316.65
O89920,C1037,Wireless Mouse,1,74.04,74.04
O31093,C1002,Screen Protector,3,167.72,503.15999999999997
O41404,C1021,Hdmi Adapter,3,31.88,95.64
O73517,C1030,Laptop Sleeve,2,19.05,38.1
O73654,C1031,Wireless Mouse,2,12.99,25.98
O54500,C1037,Screen Protector,1,46.11,46.11
O13071,C1053,Screen Protector,3,128.9,386.70000000000005
O36624,C1032,Mechanical Keyboard,3,149.31,447.93
O60275,C1015,Wireless Mouse,2,93.49,186.98
O17255,C1022,Desk Lamp,1,12.53,12.53
O70693,C1040,Wireless Mouse,2,26.43,52.86
O69486,C1036,Laptop Sleeve,1,58.73,58.73
O98458,C1028,Phone Case,1,103.1,103.1
O94341,C1008,Phone Case,2,35.73,71.46
O81549,C1036,Laptop Stand,2,161.51,323.02
O17977,C1004,Screen Protector,1,43.73,43.73
O99523,C1018,Desk Lamp,1,117.19,117.19
O99505,C1027,Laptop Sleeve,1,74.67,74.67
O13646,C1001,Hdmi Adapter,2,30.45,60.9
O37521,C1008,Bluetooth Headphones,1,99.95,99.95
O89920,C1037,Bluetooth Headphones,3,169.2,507.59999999999997
O81667,C1011,Usb-C Cable,2,133.72,267.44
O19514,C1048,Laptop Sleeve,3,69.52,208.56
O94207,C1000,Usb-C Cable,3,158.67,476.01
O28693,C1031,Bluetooth Headphones,2,139.81,279.62
O75639,C1043,Phone Case,2,178.72,357.44
O44931,C1002,Phone Case,1,141.41,141.41
O61299,C1035,Bluetooth Headphones,1,63.12,63.12
O95181,C1029,Bluetooth Headphones,3,26.41,79.23
O27143,C1051,Laptop Sleeve,1,144.72,144.72
O73898,C1014,Usb-C Cable,2,133.11,266.22
O25572,C1035,Laptop Sleeve,2,130.74,261.48
O70845,C1006,Screen Protector,3,140.5,421.5
O95181,C1029,Wireless Mouse,2,154.59,309.18
O36299,C1054,Portable Charger,1,70.66,70.66
O16258,C1018,Wireless Mouse,3,49.01,147.03
O95980,C1014,Portable Charger,3,62.58,187.74
O93418,C1057,Hdmi Adapter,2,48.38,96.76
O98587,C1011,Hdmi Adapter,3,168.73,506.18999999999994
O89482,C1053,Portable Charger,3,116.06,348.18
O85260,C1042,Laptop Sleeve,1,151.92,151.92
O79054,C1019,Screen Protector,2,161.59,323.18
O67079,C1008,Bluetooth Headphones,3,71.92,215.76
O44513,C1041,Screen Protector,3,151.7,455.09999999999997
O67892,C1020,Usb-C Cable,1,14.58,14.58
O36928,C1035,Wireless Mouse,1,98.87,98.87
O88390,C1009,Hdmi Adapter,3,138.8,416.40000000000003
O75251,C1009,Hdmi Adapter,2,41.34,82.68
O41217,C1046,Phone Case,1,80.21,80.21
O25207,C1002,Usb-C Cable,3,92.79,278.37
O89482,C1053,Bluetooth Headphones,2,40.7,81.4
O96303,C1036,Desk Lamp,2,60.1,120.2
O37719,C1001,Portable Charger,3,146.98,440.93999999999994
O44208,C1027,Laptop Stand,2,154.36,308.72
O37619,C1017,Screen Protector,2,52.41,104.82
O56769,C1031,Usb-C Cable,3,46.4,139.2
O13251,C1042,Wireless Mouse,3,172.29,516.87
O55093,C1024,Desk Lamp,3,164.98,494.93999999999994
O61615,C1045,Webcam,3,103.64,310.92
O22032,C1031,Desk Lamp,1,119.31,119.31
O67176,C1053,Phone Case,1,11.22,11.22
O97835,C1005,Laptop Sleeve,3,140.88,422.64
O89445,C1038,Usb-C Cable,3,93.13,279.39
O78039,C1036,Hdmi Adapter,3,97.97,293.90999999999997
O96474,C1015,Laptop Stand,1,128.38,128.38
O39922,C1015,Wireless Mouse,3,122.2,366.6
O14522,C1003,Laptop Stand,2,52.95,105.9
O61964,C1056,Bluetooth Headphones,1,94.35,94.35
O27025,C1056,Portable Charger,1,122.11,122.11
O54500,C1037,Phone Case,2,141.51,283.02
O25931,C1029,Bluetooth Headphones,2,157.28,314.56
O19539,C1017,Bluetooth Headphones,2,63.32,126.64
O42949,C1038,Bluetooth Headphones,2,75.15,150.3
O47649,C1010,Hdmi Adapter,3,63.24,189.72
O63665,C1019,Screen Protector,2,174.2,348.4
O13988,C1017,Portable Charger,2,156.47,312.94
O55955,C1035,Laptop Sleeve,2,12.51,25.02
O65191,C1008,Desk Lamp,1,49.71,49.71
O77673,C1046,Phone Case,3,158.51,475.53
O14085,C1056,Wireless Mouse,1,93.49,93.49
O40982,C1034,Phone Case,2,36.61,73.22
O96474,C1046,Screen Protector,3,167.77,503.31000000000006
O96223,C1041,Portable Charger,2,150.67,301.34
O97878,C1042,Hdmi Adapter,2,80.83,161.66
O95799,C1039,Laptop Stand,3,24.76,74.28
O52030,C1021,Wireless Mouse,3,38.95,116.85000000000001
O28249,C1047,Laptop Sleeve,3,90.63,271.89
O91108,C1029,Portable Charger,3,83.31,249.93
O16051,C1010,Wireless Mouse,1,155.25,155.25
O86869,C1047,Bluetooth Headphones,1,95.27,95.27
O23955,C1051,Screen Protector,1,12.35,12.35
O93238,C1057,Wireless Mouse,3,37.01,111.03
O98472,C1013,Bluetooth Headphones,2,62.63,125.26
O62386,C1004,Mechanical Keyboard,3,124.88,374.64
O82999,C1058,Usb-C Cable,2,78.33,156.66
O51035,C1037,Desk Lamp,2,104.05,208.1
O48138,C1041,Phone Case,1,145.17,145.17
O94689,C1051,Laptop Sleeve,1,37.68,37.68
O20031,C1015,Portable Charger,2,80.73,161.46
O34752,C1059,Portable Charger,1,14.79,14.79
O21239,C1033,Laptop Sleeve,3,111.34,334.02
O46735,C1057,Usb-C Cable,2,13.6,27.2
O10256,C1034,Hdmi Adapter,3,169.32,507.96
O97643,C1011,Usb-C Cable,2,95.635,191.27
O82999,C1058,Mechanical Keyboard,3,114.06,342.18
O84421,C1045,Desk Lamp,3,30.67,92.01
O99486,C1057,Phone Case,1,87.23,87.23
O52904,C1012,Desk Lamp,1,32.65,32.65
O73472,C1005,Laptop Sleeve,1,138.26,138.26
O36299,C1054,Hdmi Adapter,1,78.56,78.56
O98458,C1028,Laptop Sleeve,3,17.88,53.64
O18177,C1016,Phone Case,2,73.84,147.68
O96303,C1036,Usb-C Cable,1,112.2,112.2
O32734,C1008,Laptop Stand,1,65.71,65.71
O85757,C1016,Bluetooth Headphones,3,97.88,293.64
O30321,C1056,Hdmi Adapter,1,21.88,21.88
O75034,C1004,Hdmi Adapter,1,104.1,104.1
O65690,C1045,Webcam,2,160.82,321.64
O95749,C1005,Laptop Stand,3,32.23,96.69
O36050,C1015,Laptop Sleeve,1,78.97,78.97
O18302,C1039,Portable Charger,3,121.23,363.69
O27146,C1040,Wireless Mouse,2,117.58,235.16
O49513,C1006,Desk Lamp,3,12.17,36.51
O19813,C1029,Usb-C Cable,3,51.23,153.69
O73517,C1030,Screen Protector,3,74.99,224.96999999999997
O97424,C1041,Bluetooth Headphones,3,107.43,322.29
O67176,C1053,Bluetooth Headphones,3,87.14,261.42
O21297,C1050,Usb-C Cable,1,122.73,122.73
O74058,C1036,Wireless Mouse,3,103.43,310.29
O46211,C1051,Portable Charger,2,58.61,117.22
O50449,C1002,Mechanical Keyboard,1,135.53,135.53
O23159,C1031,Mechanical Keyboard,3,116.39,349.17
O54714,C1041,Screen Protector,1,39.34,39.34
O44513,C1041,Phone Case,3,107.52,322.56
O27436,C1009,Screen Protector,1,166.46,166.46
O75382,C1028,Hdmi Adapter,3,8.75,26.25
O67424,C1013,Wireless Mouse,1,27.52,27.52
O25386,C1002,Phone Case,2,18.21,36.42
O18729,C1039,Desk Lamp,3,58.31,174.93
O10256,C1034,Screen Protector,2,153.23,306.46
O38369,C1058,Laptop Stand,3,23.71,71.13
O93203,C1002,Bluetooth Headphones,3,84.37,253.11
O30446,C1053,Portable Charger,1,141.98,141.98
O72685,C1007,Webcam,3,82.34,247.02
O75390,C1039,Wireless Mouse,3,93.49,280.46999999999997
O19232,C1003,Screen Protector,2,62.42,124.84
O68450,C1033,Hdmi Adapter,3,68.46,205.38
O77582,C1024,Hdmi Adapter,3,8.43,25.29
O90775,C1010,Laptop Stand,1,118.84,118.84
O96163,C1002,Webcam,3,108.39,325.17
O60012,C1037,Portable Charger,1,31.35,31.35
O67640,C1059,Mechanical Keyboard,2,20.76,41.52
O55504,C1040,Laptop Sleeve,3,102.1,306.29999999999995
O57652,C1000,Laptop Stand,3,173.4,520.2
O17806,C1008,Mechanical Keyboard,1,59.9,59.9
O61543,C1029,Wireless Mouse,1,94.94,94.94
O19634,C1037,Wireless Mouse,1,30.79,30.79
O58453,C1036,Desk Lamp,3,39.73,119.19
O95843,C1005,Phone Case,1,103.11,103.11
O87550,C1026,Wireless Mouse,1,159.31,159.31
O45786,C1016,Portable Charger,2,13.77,27.54
O22015,C1003,Desk Lamp,1,155.65,155.65
O53704,C1044,Phone Case,2,125.28,250.56
O94689,C1051,Phone Case,2,70.59,141.18
O93735,C1049,Portable Charger,2,123.43,246.86
O39573,C1000,Bluetooth Headphones,2,151.19,302.38
O87937,C1048,Portable Charger,2,39.49,78.98
O22597,C1057,Mechanical Keyboard,3,151.11,453.33000000000004
O85448,C1059,Bluetooth Headphones,1,24.33,24.33
O15788,C1020,Phone Case,2,161.54,323.08
O61127,C1048,Webcam,1,89.63,89.63
O67271,C1003,Laptop Stand,2,121.04,242.08
O23051,C1021,Bluetooth Headphones,2,115.7,231.4
O13251,C1042,Usb-C Cable,1,143.32,143.32
O70845,C1006,Laptop Stand,1,70.64,70.64
O58409,C1013,Usb-C Cable,1,12.81,12.81
O57652,C1000,Laptop Sleeve,2,122.25,244.5
O46211,C1051,Mechanical Keyboard,3,103.6,310.79999999999995
O28249,C1047,Phone Case,3,49.94,149.82
O69318,C1035,Wireless Mouse,2,134.15,268.3
O79226,C1054,Phone Case,1,149.2,149.2
O25572,C1035,Hdmi Adapter,1,91.33500000000001,91.33500000000001
O53393,C1005,Mechanical Keyboard,3,113.56,340.68
O46735,C1057,Desk Lamp,3,76.44,229.32
O47294,C1037,Wireless Mouse,3,26.1,78.30000000000001
O29346,C1023,Hdmi Adapter,2,72.77,145.54
O53815,C1006,Usb-C Cable,1,60.35,60.35
O69303,C1030,Desk Lamp,2,62.85,125.7
O74058,C1036,Laptop Stand,1,72.62,72.62
O61727,C1046,Hdmi Adapter,3,51.9,155.7
O98587,C1011,Mechanical Keyboard,2,172.66,345.32
O91688,C1020,Wireless Mouse,1,24.57,24.57
O27895,C1022,Desk Lamp,2,41.56,83.12
O84967,C1018,Laptop Stand,2,60.4,120.8
O38153,C1012,Portable Charger,3,43.39,130.17000000000002
O11292,C1021,Usb-C Cable,1,24.85,24.85
O28047,C1028,Portable Charger,2,80.73,161.46
O18302,C1039,Mechanical Keyboard,1,19.47,19.47
O26389,C1033,Bluetooth Headphones,1,75.05,75.05
O36928,C1035,Laptop Sleeve,3,97.05,291.15
O14660,C1021,Hdmi Adapter,2,119.05,238.1
O93422,C1053,Screen Protector,3,115.46,346.38
O21690,C1016,Laptop Stand,1,11.53,11.53
O40603,C1022,Portable Charger,2,42.35,84.7
O61127,C1048,Hdmi Adapter,2,73.7,147.4
O27781,C1019,Laptop Sleeve,1,135.67,135.67
O84714,C1014,Hdmi Adapter,2,168.57,337.14
O58819,C1029,Hdmi Adapter,2,92.07,184.14
O73083,C1024,Desk Lamp,2,166.52,333.04
O89602,C1039,Webcam,3,75.58,226.74
O65590,C1038,Screen Protector,1,126.77,126.77
O98294,C1044,Bluetooth Headphones,2,82.29,164.58
O70513,C1019,Mechanical Keyboard,2,112.0,224.0
O36588,C1018,Phone Case,2,8.61,17.22
O41946,C1045,Desk Lamp,2,156.61,313.22
O57576,C1031,Phone Case,2,159.14,318.28
O33206,C1056,Portable Charger,1,159.6,159.6
O94689,C1051,Screen Protector,2,116.51,233.02
O51059,C1024,Usb-C Cable,1,78.56,78.56
O15370,C1034,Wireless Mouse,2,128.68,257.36
O45162,C1056,Webcam,1,93.17,93.17
O59993,C1048,Bluetooth Headphones,2,132.98,265.96
O40603,C1022,Usb-C Cable,3,95.635,286.90500000000003
O11105,C1052,Webcam,1,131.46,131.46
O43352,C1029,Webcam,1,78.33,78.33
O84752,C1030,Mechanical Keyboard,3,62.42,187.26
O26351,C1007,Hdmi Adapter,3,85.18,255.54000000000002
O40603,C1022,Desk Lamp,1,127.33,127.33
O98280,C1054,Desk Lamp,3,86.59,259.77
O84967,C1018,Webcam,3,97.63,292.89
O94390,C1033,Usb-C Cable,1,19.14,19.14
O54714,C1041,Laptop Stand,2,19.28,38.56
O13646,C1001,Portable Charger,1,46.14,46.14
O38369,C1058,Bluetooth Headphones,1,60.04,60.04
O40382,C1043,Laptop Stand,3,44.67,134.01
O31068,C1025,Portable Charger,1,82.88,82.88
O22475,C1041,Laptop Sleeve,2,8.19,16.38
O16672,C1023,Screen Protector,2,80.71,161.42
O76127,C1037,Desk Lamp,2,96.32,192.64
O39820,C1042,Portable Charger,3,94.36,283.08
O87250,C1030,Phone Case,2,44.98,89.96
O25207,C1002,Desk Lamp,1,39.07,39.07
O72422,C1034,Wireless Mouse,1,160.55,160.55
O50372,C1021,Laptop Sleeve,2,81.15,162.3
O13501,C1032,Desk Lamp,3,20.59,61.769999999999996
O27436,C1009,Mechanical Keyboard,1,113.51,113.51
O22924,C1041,Mechanical Keyboard,3,52.5,157.5
O61296,C1035,Desk Lamp,3,154.17,462.51
O65816,C1029,Hdmi Adapter,3,117.07,351.21
O84752,C1030,Webcam,2,134.72,269.44
O37483,C1005,Desk Lamp,1,50.92,50.92
O67424,C1013,Screen Protector,2,159.51,319.02
O33500,C1018,Phone Case,1,22.62,22.62
O56598,C1039,Laptop Sleeve,2,126.55,253.1
O55955,C1035,Desk Lamp,2,92.84,185.68
O38974,C1014,Mechanical Keyboard,3,110.38,331.14
O67079,C1008,Wireless Mouse,2,171.74,343.48
O65690,C1045,Phone Case,2,104.14,208.28
O95254,C1004,Wireless Mouse,1,64.83,64.83
O68360,C1020,Screen Protector,1,36.61,36.61
O58819,C1029,Phone Case,2,36.12,72.24
O79761,C1022,Hdmi Adapter,2,71.5,143.0
O99523,C1018,Mechanical Keyboard,3,68.51,205.53000000000003
O73472,C1005,Bluetooth Headphones,3,23.61,70.83
O35032,C1031,Laptop Sleeve,1,44.18,44.18
O21171,C1015,Wireless Mouse,2,137.6,275.2
O65816,C1029,Screen Protector,1,146.62,146.62
O79054,C1019,Laptop Stand,2,97.61,195.22
O17255,C1022,Bluetooth Headphones,2,91.38,182.76
O19828,C1012,Wireless Mouse,1,44.93,44.93
O34688,C1017,Wireless Mouse,1,33.79,33.79
O58435,C1055,Bluetooth Headphones,3,12.96,38.88
O15833,C1046,Desk Lamp,3,127.76,383.28000000000003
O59993,C1048,Desk Lamp,1,81.51,81.51
O18819,C1051,Portable Charger,1,25.35,25.35
O28827,C1027,Usb-C Cable,2,43.74,87.48
O60785,C1038,Mechanical Keyboard,2,38.46,76.92
O43347,C1040,Laptop Sleeve,2,143.91,287.82
O53904,C1040,Webcam,1,54.5,54.5
O21171,C1015,Screen Protector,3,162.47,487.40999999999997
O46842,C1027,Laptop Sleeve,1,116.82,116.82
O47261,C1049,Hdmi Adapter,3,125.19,375.57
O34259,C1051,Laptop Stand,3,174.12,522.36
O45060,C1016,Bluetooth Headphones,2,170.76,341.52
O61299,C1035,Screen Protector,3,53.3,159.89999999999998
O84757,C1001,Mechanical Keyboard,1,93.48,93.48
O78566,C1023,Desk Lamp,2,139.34,278.68
O26539,C1048,Portable Charger,3,143.29,429.87
O66980,C1013,Laptop Sleeve,2,104.33,208.66
O27589,C1018,Desk Lamp,2,64.4,128.8
O83464,C1010,Laptop Sleeve,3,83.96,251.88
O41404,C1021,Portable Charger,2,50.75,101.5
O98280,C1054,Portable Charger,2,78.1,156.2
O21297,C1050,Wireless Mouse,2,146.77,293.54
O80010,C1023,Bluetooth Headphones,2,157.38,314.76
O33496,C1034,Screen Protector,2,68.96,137.92
O56598,C1039,Bluetooth Headphones,3,104.04,312.12
O23159,C1031,Laptop Sleeve,3,149.8,449.40000000000003
O27146,C1040,Mechanical Keyboard,2,14.86,29.72
O43947,C1049,Laptop Stand,1,91.07,91.07
O38153,C1012,Webcam,2,40.16,80.32
O23113,C1021,Usb-C Cable,1,57.04,57.04
O52003,C1037,Laptop Sleeve,2,68.67,137.34
O99989,C1013,Portable Charger,2,74.05,148.1
O31964,C1039,Desk Lamp,2,118.18,236.36
O33496,C1034,Webcam,2,127.92,255.84
O49085,C1032,Usb-C Cable,2,171.14,342.28
O85778,C1036,Desk Lamp,2,56.33,112.66
O95843,C1005,Screen Protector,1,155.87,155.87
O11818,C1044,Portable Charger,2,135.07,270.14
O75034,C1004,Usb-C Cable,1,40.7,40.7
O49062,C1020,Laptop Sleeve,1,162.71,162.71
O35032,C1031,Webcam,2,69.99,139.98
O19337,C1051,Portable Charger,2,61.56,123.12
O51984,C1032,Desk Lamp,1,92.84,92.84
O84752,C1030,Screen Protector,1,74.93,74.93
O26260,C1023,Desk Lamp,3,24.71,74.13
O31516,C1018,Laptop Sleeve,3,92.7,278.1
O20031,C1015,Wireless Mouse,3,165.78,497.34000000000003
O65823,C1044,Bluetooth Headphones,2,21.92,43.84
O65816,C1029,Webcam,2,97.99,195.98
O33944,C1033,Laptop Stand,3,126.63,379.89
O12087,C1022,Phone Case,2,71.71,143.42
O72822,C1047,Bluetooth Headphones,2,173.07,346.14
O13251,C1042,Phone Case,1,96.665,96.665
O27146,C1040,Bluetooth Headphones,3,27.24,81.72
O86869,C1047,Screen Protector,3,137.05,411.15000000000003
O74482,C1007,Hdmi Adapter,2,19.12,38.24
O87937,C1048,Mechanical Keyboard,1,34.74,34.74
O38569,C1042,Portable Charger,2,87.99,175.98
O46842,C1027,Laptop Stand,1,173.44,173.44
O49085,C1032,Phone Case,2,179.22,358.44
O47700,C1025,Usb-C Cable,1,172.31,172.31
O68805,C1047,Portable Charger,3,173.92,521.76
O40771,C1045,Phone Case,1,125.27,125.27
O11292,C1021,Wireless Mouse,2,106.41,212.82
O93227,C1043,Portable Charger,3,37.44,112.32
O36050,C1015,Mechanical Keyboard,1,161.16,161.16
O88172,C1040,Hdmi Adapter,2,18.93,37.86
O78039,C1036,Mechanical Keyboard,3,122.16,366.48
O39391,C1040,Mechanical Keyboard,1,28.87,28.87
O95181,C1029,Laptop Sleeve,3,96.8,290.4
O30052,C1026,Mechanical Keyboard,1,150.89,150.89
O53704,C1044,Portable Charger,2,154.77,309.54
O19154,C1021,Desk Lamp,2,74.27,148.54
O77582,C1024,Laptop Sleeve,3,154.22,462.65999999999997
O55955,C1035,Phone Case,2,174.43,348.86
O51441,C1016,Wireless Mouse,1,71.56,71.56
O90903,C1009,Desk Lamp,3,39.64,118.92
O27888,C1012,Bluetooth Headphones,3,64.26,192.78000000000003
O98280,C1054,Mechanical Keyboard,1,172.73,172.73
O86619,C1029,Wireless Mouse,3,87.85,263.54999999999995
O15370,C1034,Mechanical Keyboard,3,111.77,335.31
O40771,C1045,Screen Protector,2,116.56,233.12
O86415,C1009,Webcam,3,163.84,491.52
O48138,C1041,Wireless Mouse,3,18.64,55.92
O33496,C1034,Bluetooth Headphones,1,26.41,26.41
O38153,C1012,Hdmi Adapter,2,174.14,348.28
O96743,C1038,Webcam,3,85.76,257.28000000000003
O31964,C1039,Usb-C Cable,2,118.88,237.76
O18469,C1033,Bluetooth Headphones,3,21.44,64.32000000000001
O50449,C1002,Bluetooth Headphones,2,9.46,18.92
O42943,C1050,Hdmi Adapter,3,85.2,255.60000000000002
O99523,C1018,Wireless Mouse,2,77.03,154.06
O19813,C1029,Bluetooth Headphones,1,175.95,175.95
O49363,C1058,Portable Charger,3,95.23,285.69
O89478,C1003,Laptop Stand,3,169.56,508.68
O10004,C1039,Laptop Sleeve,2,95.0,190.0
O85385,C1018,Portable Charger,2,179.14,358.28
O13697,C1037,Laptop Sleeve,2,128.99,257.98
O30760,C1022,Screen Protector,1,31.83,31.83
O70807,C1036,Portable Charger,1,144.91,144.91
O95267,C1001,Phone Case,2,144.25,288.5
O31567,C1050,Wireless Mouse,3,176.55,529.6500000000001
O67892,C1020,Webcam,3,48.21,144.63
O55504,C1040,Hdmi Adapter,1,60.21,60.21
O52030,C1021,Portable Charger,3,58.13,174.39000000000001
O36050,C1015,Portable Charger,2,136.5,273.0
O65067,C1059,Mechanical Keyboard,3,151.61,454.83000000000004
O74923,C1047,Usb-C Cable,2,119.77,239.54
O45162,C1056,Laptop Stand,1,91.07,91.07
O20114,C1049,Portable Charger,3,174.77,524.3100000000001
O48289,C1055,Usb-C Cable,1,148.9,148.9
O24253,C1011,Webcam,3,125.91,377.73
O36928,C1035,Bluetooth Headphones,1,144.53,144.53
O51984,C1032,Bluetooth Headphones,3,19.26,57.78
O14901,C1011,Mechanical Keyboard,1,141.78,141.78
O52030,C1021,Hdmi Adapter,3,111.75,335.25
O82845,C1000,Desk Lamp,3,101.26,303.78000000000003
O70693,C1040,Laptop Stand,2,161.51,323.02
O72616,C1021,Wireless Mouse,3,33.66,100.97999999999999
O18729,C1039,Bluetooth Headphones,2,74.85,149.7
O32570,C1041,Desk Lamp,2,11.48,22.96
O23357,C1015,Desk Lamp,1,146.27,146.27
O94550,C1004,Webcam,3,127.46,382.38
O47653,C1030,Laptop Sleeve,2,152.5,305.0
O56112,C1033,Screen Protector,3,135.78,407.34000000000003
O84603,C1005,Phone Case,2,150.94,301.88
O25207,C1002,Wireless Mouse,2,179.17,358.34
O76287,C1004,Laptop Stand,1,91.91,91.91
O47089,C1031,Portable Charger,3,130.69,392.07
O26843,C1024,Webcam,1,94.25,94.25
O57683,C1036,Mechanical Keyboard,2,10.78,21.56
O11850,C1023,Portable Charger,2,131.6,263.2
O93476,C1045,Screen Protector,1,63.45,63.45
O22015,C1003,Wireless Mouse,3,122.0,366.0
O67640,C1059,Usb-C Cable,1,156.65,156.65
O36006,C1007,Laptop Sleeve,1,89.51,89.51
O36832,C1041,Screen Protector,2,31.81,63.62
O30052,C1026,Webcam,2,141.24,282.48
O10358,C1035,Desk Lamp,3,23.49,70.47
O61543,C1029,Desk Lamp,3,159.76,479.28
O64602,C1049,Portable Charger,2,79.49,158.98
O49062,C1020,Bluetooth Headphones,2,75.07,150.14
O47294,C1037,Mechanical Keyboard,3,122.71,368.13
O85849,C1007,Wireless Mouse,2,12.42,24.84
O72422,C1034,Portable Charger,2,131.21,262.42
O97528,C1041,Bluetooth Headphones,1,45.69,45.69
O33944,C1033,Wireless Mouse,2,176.45,352.9
O28162,C1026,Laptop Stand,1,63.9,63.9
O85101,C1031,Portable Charger,3,91.28,273.84000000000003
O86380,C1046,Phone Case,1,129.92,129.92
O89602,C1039,Laptop Sleeve,1,161.04,161.04
O30454,C1049,Desk Lamp,3,8.74,26.22
O64602,C1049,Laptop Stand,3,91.07,273.21
O44159,C1052,Screen Protector,3,36.53,109.59
O70693,C1040,Bluetooth Headphones,3,9.19,27.57
O33385,C1027,Mechanical Keyboard,1,172.0,172.0
O83446,C1047,Hdmi Adapter,3,69.08,207.24
O96309,C1010,Portable Charger,1,8.27,8.27
O22972,C1035,Webcam,1,126.77,126.77
O68224,C1028,Laptop Stand,2,135.54,271.08
O26843,C1024,Phone Case,1,108.87,108.87
O28671,C1046,Screen Protector,2,102.54,205.08
O72422,C1034,Usb-C Cable,2,88.75,177.5
O48165,C1002,Screen Protector,2,83.6,167.2
O34431,C1027,Usb-C Cable,1,129.1,129.1
O70807,C1036,Laptop Sleeve,2,71.34,142.68
O27781,C1019,Laptop Stand,2,169.52,339.04
O32344,C1055,Desk Lamp,2,97.97,195.94
O77632,C1006,Laptop Sleeve,1,38.01,38.01
O49221,C1059,Portable Charger,3,162.59,487.77
O49221,C1059,Usb-C Cable,3,110.12,330.36
O22032,C1031,Mechanical Keyboard,2,53.38,106.76
O17972,C1002,Desk Lamp,2,179.76,359.52
O73908,C1026,Phone Case,3,99.81,299.43
O14466,C1030,Usb-C Cable,1,151.42,151.42
O96303,C1036,Wireless Mouse,2,30.26,60.52
O99173,C1044,Laptop Stand,2,154.97,309.94
O71370,C1033,Wireless Mouse,2,83.23,166.46
O69486,C1036,Desk Lamp,1,92.84,92.84
O59601,C1018,Webcam,1,38.72,38.72
O30454,C1049,Mechanical Keyboard,3,162.11,486.33000000000004
O48974,C1017,Laptop Stand,1,92.85,92.85
O30760,C1022,Laptop Sleeve,1,102.1,102.1
O96474,C1046,Portable Charger,3,103.27,309.81
O45378,C1051,Hdmi Adapter,1,26.64,26.64
O30489,C1048,Webcam,1,99.76,99.76
O32344,C1055,Screen Protector,3,109.16,327.48
O19828,C1012,Mechanical Keyboard,1,11.75,11.75
O86916,C1015,Hdmi Adapter,1,124.43,124.43
O29401,C1036,Portable Charger,1,97.75,97.75
O72367,C1049,Hdmi Adapter,2,122.67,245.34
O91688,C1020,Portable Charger,2,58.49,116.98
O96474,C1046,Usb-C Cable,3,95.635,286.90500000000003
O82999,C1058,Webcam,2,49.53,99.06
O18957,C1032,Portable Charger,3,37.55,112.64999999999999
O31068,C1025,Screen Protector,3,74.93,224.79000000000002
O51059,C1024,Phone Case,3,94.66,283.98
O50416,C1040,Laptop Sleeve,2,46.91,93.82
O70341,C1036,Phone Case,1,69.17,69.17
O94390,C1033,Desk Lamp,3,34.81,104.43
O22502,C1041,Phone Case,2,92.87,185.74
O24246,C1057,Screen Protector,3,178.17,534.51
O12263,C1020,Usb-C Cable,2,83.66,167.32
O96960,C1041,Screen Protector,1,100.87,100.87
O23113,C1021,Laptop Stand,2,37.01,74.02
O34752,C1059,Usb-C Cable,1,47.58,47.58
O90775,C1010,Laptop Sleeve,2,115.9,231.8
O95254,C1004,Hdmi Adapter,1,75.07,75.07
O94207,C1000,Bluetooth Headphones,1,47.1,47.1
O74004,C1010,Screen Protector,3,20.78,62.34
O42536,C1051,Phone Case,2,121.11,242.22
O26843,C1024,Laptop Sleeve,1,62.76,62.76
O44429,C1035,Usb-C Cable,3,52.36,157.07999999999998
O13324,C1008,Laptop Stand,3,131.8,395.40000000000003
O10358,C1035,Laptop Stand,1,10.19,10.19
O98251,C1034,Portable Charger,1,38.76,38.76
O28407,C1015,Phone Case,1,161.53,161.53
O26193,C1012,Usb-C Cable,3,38.77,116.31
O75382,C1028,Usb-C Cable,1,165.54,165.54
O38307,C1056,Desk Lamp,2,33.0,66.0
O96972,C1053,Bluetooth Headphones,2,69.38,138.76
O27997,C1058,Mechanical Keyboard,2,158.95,317.9
O40115,C1041,Webcam,1,158.74,158.74
O39820,C1042,Webcam,1,89.67,89.67
O36050,C1015,Webcam,1,86.73,86.73
O82350,C1005,Laptop Stand,1,91.07,91.07
O82845,C1000,Webcam,1,124.14,124.14
O84000,C1002,Laptop Stand,3,9.6,28.799999999999997
O96754,C1001,Usb-C Cable,2,99.31,198.62
O79761,C1022,Usb-C Cable,3,128.01,384.03
O26539,C1048,Usb-C Cable,1,15.34,15.34
O54514,C1000,Phone Case,1,49.82,49.82
O89602,C1039,Usb-C Cable,3,58.66,175.98
O67079,C1008,Phone Case,3,167.46,502.38
O69441,C1056,Mechanical Keyboard,2,34.25,68.5
O75700,C1022,Hdmi Adapter,1,55.45,55.45
O67079,C1008,Webcam,3,179.27,537.8100000000001
O73908,C1026,Usb-C Cable,1,65.21,65.21
O41217,C1046,Screen Protector,3,107.89,323.67
O31146,C1039,Webcam,3,125.82,377.46
O38177,C1027,Mechanical Keyboard,2,114.22,228.44
O58819,C1029,Laptop Stand,3,43.56,130.68
O69049,C1026,Webcam,3,112.86,338.58
O70806,C1025,Webcam,2,97.46000000000001,194.92000000000002
O12263,C1020,Desk Lamp,3,78.28,234.84
O53704,C1044,Screen Protector,1,38.38,38.38
O67068,C1008,Wireless Mouse,1,156.34,156.34
O67342,C1043,Wireless Mouse,1,133.55,133.55
O43022,C1019,Portable Charger,2,154.47,308.94
O51035,C1037,Laptop Sleeve,2,153.48,306.96
O17144,C1000,Hdmi Adapter,2,60.11,120.22
O44167,C1008,Mechanical Keyboard,3,37.84,113.52000000000001
O89556,C1018,Mechanical Keyboard,1,58.58,58.58
O41946,C1045,Webcam,1,86.57,86.57
O93418,C1057,Desk Lamp,2,92.84,185.68
O66980,C1013,Wireless Mouse,2,131.46,262.92
O59601,C1018,Laptop Stand,1,112.42,112.42
O12087,C1022,Laptop Stand,2,90.52,181.04
O18302,C1039,Laptop Stand,2,34.51,69.02
O67377,C1019,Wireless Mouse,1,93.49,93.49
O72021,C1020,Screen Protector,3,107.02,321.06
O14522,C1003,Desk Lamp,3,76.4,229.20000000000002
O67377,C1019,Hdmi Adapter,2,123.63,247.26
O17144,C1000,Laptop Sleeve,2,94.35,188.7
O66949,C1035,Wireless Mouse,1,141.1,141.1
O96754,C1001,Wireless Mouse,3,33.91,101.72999999999999
O72613,C1000,Usb-C Cable,3,32.57,97.71000000000001
O66087,C1014,Portable Charger,1,58.54,58.54
O24246,C1057,Wireless Mouse,3,69.79,209.37
O28695,C1015,Wireless Mouse,3,169.44,508.32
O84714,C1014,Screen Protector,2,39.03,78.06
O79258,C1041,Laptop Sleeve,2,158.17,316.34
O18913,C1035,Usb-C Cable,3,124.56,373.68
O18469,C1033,Usb-C Cable,1,157.62,157.62
O74923,C1047,Laptop Sleeve,1,173.95,173.95
O77673,C1046,Usb-C Cable,1,130.12,130.12
O89556,C1018,Bluetooth Headphones,2,143.56,287.12
O31964,C1039,Hdmi Adapter,2,21.61,43.22
O28919,C1030,Laptop Sleeve,1,165.14,165.14
O84714,C1014,Laptop Stand,1,115.56,115.56
O32950,C1024,Phone Case,3,95.15,285.45000000000005
O18450,C1027,Webcam,3,62.57,187.71
O69338,C1051,Mechanical Keyboard,3,105.55,316.65
O26334,C1015,Wireless Mouse,3,99.41,298.23
O50944,C1014,Laptop Stand,2,164.47,328.94
O39391,C1040,Screen Protector,2,106.43,212.86
O39573,C1000,Phone Case,2,115.72,231.44
O62386,C1004,Hdmi Adapter,2,107.86,215.72
O39573,C1000,Laptop Stand,2,176.23,352.46
O54500,C1037,Wireless Mouse,3,171.62,514.86
O37021,C1005,Desk Lamp,1,14.47,14.47
O44167,C1008,Usb-C Cable,1,53.03,53.03
O79258,C1041,Webcam,3,18.37,55.11
O27882,C1002,Wireless Mouse,1,91.56,91.56
O30760,C1022,Portable Charger,2,80.73,161.46
O55504,C1040,Wireless Mouse,2,82.03,164.06
O56769,C1031,Screen Protector,1,38.57,38.57
O27997,C1058,Bluetooth Headphones,1,154.92,154.92
O87550,C1026,Bluetooth Headphones,3,169.95,509.84999999999997
O96847,C1050,Usb-C Cable,3,35.03,105.09
O34530,C1006,Mechanical Keyboard,1,102.35,102.35
O14379,C1014,Desk Lamp,2,58.72,117.44
O45162,C1056,Laptop Sleeve,1,134.23,134.23
O48138,C1041,Laptop Stand,1,23.08,23.08
O26260,C1023,Screen Protector,3,71.03,213.09
O58453,C1036,Wireless Mouse,1,85.13,85.13
O91877,C1020,Screen Protector,3,43.62,130.85999999999999
O61727,C1046,Webcam,1,160.22,160.22
O98472,C1013,Screen Protector,1,91.51,91.51
O36006,C1007,Webcam,1,41.05,41.05
O63223,C1006,Hdmi Adapter,2,61.82,123.64
O88390,C1009,Laptop Sleeve,1,122.38,122.38
O75700,C1022,Wireless Mouse,3,13.07,39.21
O51059,C1024,Desk Lamp,2,162.78,325.56
O30863,C1004,Bluetooth Headphones,3,47.85,143.55
O70513,C1019,Desk Lamp,1,163.71,163.71
O93203,C1002,Desk Lamp,3,147.58,442.74
O65640,C1044,Screen Protector,2,64.4,128.8
O29805,C1007,Bluetooth Headphones,3,126.19,378.57
O48401,C1045,Usb-C Cable,1,178.23,178.23
O13071,C1053,Webcam,1,58.09,58.09
O87170,C1030,Wireless Mouse,3,92.79,278.37
O70925,C1048,Wireless Mouse,3,54.3,162.89999999999998
O93611,C1015,Portable Charger,2,51.68,103.36
O42142,C1017,Laptop Sleeve,2,96.18,192.36
O56112,C1033,Mechanical Keyboard,3,175.98,527.9399999999999
O16385,C1017,Mechanical Keyboard,2,125.81,251.62
O56961,C1028,Phone Case,1,64.38,64.38
O39573,C1000,Mechanical Keyboard,3,18.81,56.42999999999999
O75382,C1028,Portable Charger,1,95.43,95.43
O74004,C1010,Laptop Sleeve,3,39.66,118.97999999999999
O25963,C1038,Portable Charger,1,129.79,129.79
O31093,C1002,Wireless Mouse,2,93.49,186.98
O43347,C1040,Wireless Mouse,2,65.32,130.64
O27781,C1019,Phone Case,2,74.85,149.7
O85101,C1031,Bluetooth Headphones,2,177.82,355.64
O42949,C1038,Wireless Mouse,1,127.97,127.97
O86483,C1049,Bluetooth Headphones,1,125.09,125.09
O22597,C1057,Hdmi Adapter,1,111.26,111.26
O52003,C1037,Laptop Stand,3,85.81,257.43
O75514,C1034,Mechanical Keyboard,1,124.96,124.96
O90315,C1052,Screen Protector,3,125.19,375.57
O53758,C1012,Portable Charger,3,9.35,28.049999999999997
O85385,C1018,Screen Protector,2,179.83,359.66
O84752,C1030,Usb-C Cable,1,107.5,107.5
O98208,C1051,Phone Case,2,72.84,145.68
O50449,C1002,Phone Case,1,90.04,90.04
O55093,C1024,Screen Protector,2,13.04,26.08
O85813,C1012,Desk Lamp,1,143.74,143.74
O65640,C1044,Phone Case,1,117.99,117.99
O25386,C1002,Desk Lamp,3,58.33,174.99
O27888,C1012,Laptop Sleeve,2,130.74,261.48
O32224,C1056,Desk Lamp,1,178.41,178.41
O31884,C1031,Wireless Mouse,2,21.26,42.52
O91108,C1029,Bluetooth Headphones,1,104.15,104.15
O81820,C1026,Portable Charger,2,35.35,70.7
O93238,C1057,Laptop Stand,3,152.92,458.76
O55504,C1040,Screen Protector,1,90.84,90.84
O88018,C1050,Portable Charger,3,140.51,421.53
O47700,C1025,Wireless Mouse,3,42.76,128.28
O34431,C1027,Mechanical Keyboard,1,44.56,44.56
O30052,C1026,Desk Lamp,2,122.93,245.86
O13646,C1001,Bluetooth Headphones,3,114.31,342.93
O73517,C1030,Laptop Stand,1,161.6,161.6
O47261,C1049,Mechanical Keyboard,3,172.29,516.87
O19634,C1037,Phone Case,1,22.11,22.11
O81188,C1049,Portable Charger,3,170.68,512.04
O38177,C1027,Screen Protector,3,90.51,271.53000000000003
O49513,C1006,Usb-C Cable,3,95.635,286.90500000000003
O15788,C1020,Wireless Mouse,2,56.66,113.32
O19567,C1036,Screen Protector,2,76.45,152.9
O23937,C1029,Portable Charger,3,27.64,82.92
O17339,C1047,Portable Charger,2,127.1,254.2
O98208,C1051,Laptop Sleeve,3,93.88,281.64
O36744,C1032,Laptop Stand,2,64.04,128.08
O69988,C1029,Usb-C Cable,3,96.65,289.95000000000005
O19337,C1051,Laptop Stand,2,16.68,33.36
O93665,C1012,Laptop Sleeve,3,143.0,429.0
O96309,C1010,Laptop Sleeve,3,23.29,69.87
O39937,C1010,Laptop Sleeve,3,130.81,392.43
O85813,C1012,Portable Charger,1,88.24,88.24
O90775,C1010,Screen Protector,1,176.11,176.11
O70384,C1044,Usb-C Cable,2,28.62,57.24
O56961,C1028,Screen Protector,1,59.4,59.4
O72613,C1000,Phone Case,2,20.18,40.36
O11947,C1055,Usb-C Cable,1,69.62,69.62
O23937,C1029,Phone Case,3,147.58,442.74
O87937,C1048,Usb-C Cable,2,159.71,319.42
O16672,C1023,Mechanical Keyboard,1,105.55,105.55
O15370,C1034,Phone Case,2,126.93,253.86
O72021,C1020,Laptop Stand,2,50.11,100.22
O84714,C1014,Laptop Sleeve,3,107.17,321.51
O74918,C1051,Desk Lamp,3,49.37,148.10999999999999
O24328,C1025,Screen Protector,1,85.68,85.68
O17331,C1044,Mechanical Keyboard,3,105.55,316.65
O22363,C1036,Webcam,1,50.77,50.77
O85552,C1038,Wireless Mouse,3,85.1,255.29999999999998
O46463,C1026,Portable Charger,2,45.03,90.06
O77582,C1024,Phone Case,3,136.97,410.90999999999997
O34551,C1000,Webcam,2,176.74,353.48
O54265,C1031,Mechanical Keyboard,3,32.35,97.05000000000001
O56312,C1016,Hdmi Adapter,1,100.96,100.96
O93611,C1015,Usb-C Cable,1,102.01,102.01
O68619,C1011,Screen Protector,1,52.16,52.16
O89482,C1053,Wireless Mouse,2,136.17,272.34
O18934,C1006,Usb-C Cable,2,177.62,355.24
O27146,C1040,Hdmi Adapter,1,33.47,33.47
O23113,C1021,Hdmi Adapter,3,60.58,181.74
O43022,C1019,Screen Protector,1,140.68,140.68
O70806,C1025,Desk Lamp,2,150.74,301.48
O34259,C1051,Usb-C Cable,1,75.93,75.93
O14660,C1021,Laptop Sleeve,3,124.65,373.95000000000005
O54500,C1037,Webcam,1,33.19,33.19
O85465,C1018,Hdmi Adapter,2,177.93,355.86
O75251,C1009,Laptop Stand,3,13.32,39.96
O24253,C1011,Portable Charger,1,33.24,33.24
O30070,C1028,Screen Protector,3,54.44,163.32
O37483,C1005,Wireless Mouse,1,101.92,101.92
O44429,C1035,Hdmi Adapter,1,92.8,92.8
O44159,C1052,Laptop Stand,3,140.81,422.43
O70807,C1036,Laptop Stand,1,152.41,152.41
O70513,C1019,Portable Charger,3,130.36,391.08000000000004
O32825,C1001,Laptop Stand,2,45.66,91.32
O19232,C1003,Wireless Mouse,1,106.89,106.89
O40983,C1019,Hdmi Adapter,2,155.52,311.04
O13071,C1053,Mechanical Keyboard,2,59.97,119.94
O19567,C1036,Usb-C Cable,3,22.18,66.53999999999999
O65590,C1038,Portable Charger,2,80.73,161.46
O88018,C1050,Desk Lamp,2,140.6,281.2
O53583,C1042,Portable Charger,2,30.95,61.9
O47002,C1025,Desk Lamp,2,141.05,282.1
