order_id,customer_id,product,quantity,unit_price
O82161,C1036,Mechanical Keyboard,1,22.58
O53100,C1046,Screen Protector,2,150.12
O63368,C1029,Wireless Mouse,2,111.43
O67896,c1017,Phone Case,3,98.18
O40382,C1043,Phone Case,1,167.54
O75034,C1004,Screen Protector,1,105.89
O27436,c1009,Webcam,2,34.66
O11105,C1052,Portable Charger,2,
O44159,C1052,Portable Charger,3,101.48
O47173,C1035,Webcam,3,111.51
O95093,C1013,USB-C Cable,2,16.85
O32734,C1008,  Bluetooth Headphones  ,1,36.38
O50416,C1040,Desk Lamp,2,39.8
O43352,C1029,  Laptop Sleeve  ,3,148.43
O89445,C1038,  Wireless Mouse  ,3,76.42
O24029,C1056,Wireless Mouse,1,135.7
O95597,C1058,Wireless Mouse,3,32.02
O98987,C1019,Portable Charger,3,158.66
O77499,C1046,USB-C Cable,2,16.7
O25386,C1002,Mechanical Keyboard,2,112.97
O85448,c1059,Portable Charger,3,75.72
O97350,C1038,Laptop Stand,1,
O81641,C1028,Phone Case,2,114.47
O95597,C1058,Bluetooth Headphones,1,175.2
O25098,C1022,Screen Protector,2,32.49
O68065,C1048,Laptop Sleeve,3,39.78
O92132,C1005,Portable Charger,1,132.58
O30868,C1031,Laptop Sleeve,1,42.16
O43022,C1019,USB-C Cable,3,95.9
O73083,C1024,Mechanical Keyboard,2,127.27
O98458,C1028,USB-C Cable,2,164.75
O10358,C1035,  Mechanical Keyboard  ,2,86.56
O70217,C1016,Laptop Sleeve,2,100.23
O70925,C1048,Bluetooth Headphones,2,60.39
O85448,C1059,Phone Case,1,156.51
O14522,c1003,HDMI Adapter,1,121.97
O61727,C1046,Desk Lamp,2,174.92
O72753,C1059,Screen Protector,2,170.82
O84828,C1027,Laptop Stand,2,52.89
O77499,C1046,Mechanical Keyboard,3,147.92
O94125,C1031,HDMI Adapter,1,144.96
O46842,C1027,Wireless Mouse,2,172.05
O47700,C1025,Bluetooth Headphones,1,135.43
O52904,C1012,Wireless Mouse,3,15.57
O98472,C1013,Mechanical Keyboard,1,106.47
O99173,C1044,Portable Charger,1,95.78
O91877,C1020,HDMI Adapter,1,63.62
O61615,C1045,Bluetooth Headphones,3,100.7
O81741,C1005,LAPTOP STAND,3,55.84
O31884,C1031,Screen Protector,3,71.96
O17144,C1000,Webcam,2,38.76
O18819,C1051,Bluetooth Headphones,2,15.61
O44159,C1052,Bluetooth Headphones,1,70.58
O96474,C1015,USB-C Cable,2,163.26
O22502,C1041,USB-C Cable,2,114.04
O17339,C1047,Webcam,1,45.65
O69641,C1002,WEBCAM,1,91.73
O97424,C1041,LAPTOP SLEEVE,2,104.69
O75514,C1034,USB-C Cable,3,128.91
O43947,C1049,Desk Lamp,3,
O84757,C1001,Bluetooth Headphones,3,93.44
O57638,C1029,Laptop Stand,3,75.44
O41224,C1027,Webcam,2,140.67
O23951,C1011,Bluetooth Headphones,3,132.29
O45283,C1001,Wireless Mouse,2,66.81
O63665,C1019,Desk Lamp,1,96.99
O18934,C1006,HDMI Adapter,1,165.75
O31856,C1003,Screen Protector,1,72.41
O30052,C1026,Phone Case,3,82.9
O39068,C1026,HDMI Adapter,2,70.54
O28423,C1004,Webcam,1,168.91
O21297,C1050,PORTABLE CHARGER,2,
O28407,C1015,Wireless Mouse,3,25.65
O84278,C1035,Screen Protector,2,40.1
O58819,C1029,Bluetooth Headphones,3,36.02
O19337,C1051,USB-C Cable,3,109.95
O98079,C1041,Mechanical Keyboard,2,153.9
O45283,C1001,Phone Case,2,29.51
O18126,C1044,USB-C Cable,2,166.09
O72822,C1047,USB-C Cable,2,29.92
O85308,C1010,Laptop Sleeve,2,67.2
O16051,C1010,HDMI Adapter,3,170.75
O72616,C1021,  Bluetooth Headphones  ,1,27.62
O55955,C1035,Laptop Stand,2,9.31
O82151,C1020,  Phone Case  ,3,98.24
O38369,C1058,USB-C Cable,1,162.1
O28139,C1048,Bluetooth Headphones,1,122.1
O72822,C1047,Laptop Stand,1,
O51048,C1048,Webcam,1,92.94
O69486,C1036,Screen Protector,1,68.84
O46842,C1027,USB-C Cable,1,62.82
O60785,C1038,HDMI Adapter,2,167.17
O80442,C1051,Laptop Stand,3,65.53
O60012,C1037,HDMI Adapter,1,82.85
O48165,C1002,Laptop Stand,2,75.61
O20114,C1049,  USB-C Cable  ,1,140.63
O39922,C1015,Bluetooth Headphones,2,65.74
O28162,C1026,HDMI Adapter,1,154.25
O98472,C1013,  Wireless Mouse  ,1,113.05
O86483,C1049,Laptop Sleeve,3,90.64
O40771,C1045,Bluetooth Headphones,1,117.0
O39329,C1000,HDMI Adapter,2,154.47
O97835,C1005,Mechanical Keyboard,1,25.99
O33791,C1030,Desk Lamp,1,87.02
O77559,C1030,Phone Case,2,28.43
O99486,C1057,HDMI Adapter,3,59.32
O26193,C1012,Wireless Mouse,3,144.06
O62354,C1000,Wireless Mouse,3,166.1
O73472,c1005,PHONE CASE,2,88.68
O45804,C1042,Portable Charger,3,91.7
O73472,C1005,HDMI Adapter,3,29.29
O52335,C1030,Portable Charger,1,69.73
O28827,C1027,HDMI Adapter,3,103.6
O10157,C1030,Portable Charger,3,162.28
O68360,C1020,Portable Charger,3,86.78
O84967,C1018,Phone Case,2,18.88
O65448,C1026,Webcam,2,36.7
O89920,C1037,Laptop Sleeve,1,137.57
O49363,C1058,Mechanical Keyboard,2,80.32
O46735,C1057,  Screen Protector  ,2,128.1
O22363,C1036,Laptop Stand,2,24.67
O96960,C1041,Webcam,3,121.66
O97835,c1005,Webcam,3,147.93
O23164,C1020,Webcam,3,168.37
O52030,C1021,USB-C Cable,2,56.21
O51976,C1059,HDMI Adapter,2,33.42
O69441,C1056,Webcam,3,76.58
O93665,C1012,Laptop Stand,2,104.02
O74923,C1047,HDMI Adapter,1,174.83
O68422,C1012,Wireless Mouse,2,19.0
O95093,C1013,Webcam,1,106.94
O77147,C1008,Webcam,3,59.41
O21171,C1015,USB-C Cable,3,9.71
O93744,c1053,HDMI Adapter,1,174.75
O30489,C1048,Laptop Sleeve,2,117.06
O70925,C1048,Mechanical Keyboard,3,32.49
O49513,C1006,Bluetooth Headphones,3,142.86
O85308,C1010,USB-C Cable,3,118.75
O51035,C1037,Mechanical Keyboard,3,93.97
O86869,C1047,USB-C Cable,3,172.54
O88018,C1050,USB-C Cable,1,118.47
O85308,C1010,Webcam,3,80.12
O39820,C1042,Screen Protector,2,103.22
O18819,C1051,Laptop Sleeve,2,140.88
O95980,C1014,USB-C Cable,1,16.53
O87664,C1015,HDMI Adapter,3,
O79054,C1019,  Wireless Mouse  ,3,129.35
O73483,C1031,Screen Protector,1,176.69
O95196,C1027,Laptop Sleeve,2,59.92
O42426,C1029,Bluetooth Headphones,2,166.63
O91108,C1029,Desk Lamp,3,
O36698,C1036,Wireless Mouse,2,60.74
O27888,C1012,Wireless Mouse,1,11.11
O32570,C1041,Portable Charger,1,55.37
O18729,C1039,Laptop Sleeve,2,163.47
O14522,C1003,Webcam,2,166.49
O50416,C1040,Phone Case,2,143.0
O57638,C1029,USB-C Cable,3,140.09
O82350,C1005,USB-C Cable,2,57.55
O89482,C1053,HDMI Adapter,1,133.97
O15788,C1020,  Mechanical Keyboard  ,3,166.73
O36588,C1018,USB-C Cable,2,112.57
O82521,C1027,Phone Case,3,74.76
O99486,C1057,WEBCAM,1,
O69606,C1052,Laptop Sleeve,3,147.86
O48165,C1002,Bluetooth Headphones,1,132.3
O18819,C1051,Laptop Stand,2,94.67
O66980,C1013,Portable Charger,2,
O27911,C1030,MECHANICAL KEYBOARD,1,130.96
O25963,C1038,HDMI Adapter,1,119.44
O38683,C1000,  Webcam  ,3,38.25
O66087,C1014,Mechanical Keyboard,2,102.38
O36698,C1036,Webcam,1,28.48
O74361,C1031,PHONE CASE,3,163.43
O22032,C1031,Laptop Stand,2,123.33
O70845,C1006,Laptop Sleeve,2,153.13
O85813,C1012,Laptop Sleeve,2,105.37
O30070,C1028,Wireless Mouse,2,114.24
O30868,C1031,Desk Lamp,2,118.48
O28434,C1040,Desk Lamp,1,64.96
O31344,C1036,Wireless Mouse,1,108.04
O34688,C1017,  HDMI Adapter  ,2,163.99
O22280,C1027,Bluetooth Headphones,3,45.61
O67271,C1003,  Desk Lamp  ,3,164.48
O78566,C1023,Portable Charger,3,30.14
O85550,C1003,Webcam,1,62.33
O21171,C1015,Mechanical Keyboard,3,53.75
O99173,C1044,Screen Protector,1,137.82
O93418,C1057,Phone Case,3,72.61
O68619,c1011,Bluetooth Headphones,1,145.69
O82845,C1000,Wireless Mouse,2,121.84
O11851,C1056,Mechanical Keyboard,2,167.6
O23951,C1011,Screen Protector,2,102.75
O68114,C1026,Bluetooth Headphones,1,117.65
O96972,C1053,Laptop Sleeve,1,102.35
O42325,C1029,Wireless Mouse,3,136.14
O18177,C1016,Wireless Mouse,1,19.94
O89920,C1037,PHONE CASE,2,39.72
O59998,C1003,Wireless Mouse,3,77.09
O52335,C1030,Desk Lamp,2,72.03
O38773,C1050,Laptop Stand,2,161.92
O20031,C1048,Mechanical Keyboard,3,137.93
O68065,C1048,Webcam,3,136.24
O82845,C1000,Laptop Sleeve,1,99.35
O16385,C1017,  Webcam  ,3,57.86
O28827,c1027,Phone Case,2,57.79
O75639,C1043,Webcam,2,136.22
O17255,C1022,Wireless Mouse,1,103.03
O37973,C1038,Bluetooth Headphones,1,17.3
O27781,C1019,Screen Protector,1,155.14
O99523,C1018,Bluetooth Headphones,1,67.18
O61296,C1035,Webcam,1,102.26
O49513,C1006,Wireless Mouse,3,150.8
O75514,C1034,Wireless Mouse,3,153.8
O80442,C1051,Phone Case,3,12.8
O40115,C1041,Desk Lamp,1,80.42
O33206,C1056,HDMI Adapter,1,144.8
O31567,C1050,Screen Protector,2,52.2
O16385,C1017,HDMI Adapter,3,139.53
O74923,C1047,  Webcam  ,3,83.73
O95597,C1058,Desk Lamp,3,35.76
O75251,C1009,USB-C Cable,2,162.67
O85778,C1036,Bluetooth Headphones,1,
O84928,C1050,Desk Lamp,2,120.12
O51984,C1032,Wireless Mouse,3,43.36
O79226,C1054,Mechanical Keyboard,1,16.01
O13251,C1042,Laptop Sleeve,3,106.38
O27882,C1002,USB-C Cable,2,13.01
O38905,C1026,Bluetooth Headphones,2,45.59
O53292,C1003,Webcam,1,131.39
O70384,C1044,Portable Charger,2,79.09
O69460,C1033,Laptop Sleeve,1,159.93
O94512,C1058,Mechanical Keyboard,2,10.8
O45378,C1051,Webcam,1,35.99
O93238,C1057,Phone Case,2,172.49
O20114,C1049,Laptop Sleeve,3,121.85
O19539,C1017,Laptop Sleeve,1,137.74
O60040,C1008,Phone Case,1,119.76
O21239,C1033,Portable Charger,3,45.25
O62844,C1023,  HDMI Adapter  ,3,79.62
O70693,C1040,Screen Protector,1,92.63
O57638,C1029,Laptop Sleeve,1,91.85
O25931,C1029,Laptop Sleeve,3,14.3
O95093,C1013,Portable Charger,1,21.49
O80010,C1023,Wireless Mouse,1,29.77
O31068,C1025,Bluetooth Headphones,2,168.08
O94707,C1051,Portable Charger,2,80.54
O31093,C1002,USB-C Cable,3,172.6
O67896,C1017,Portable Charger,2,44.36
O77673,C1046,Wireless Mouse,3,155.43
O45804,C1042,Webcam,2,93.55
O18934,C1006,  Mechanical Keyboard  ,2,56.18
O11105,C1052,Mechanical Keyboard,3,56.36
O77917,C1022,USB-C Cable,1,94.58
O85778,C1036,HDMI Adapter,1,91.38
O93422,C1053,USB-C Cable,2,87.28
O40984,C1039,  Wireless Mouse  ,1,134.92
O28423,C1004,Mechanical Keyboard,3,48.6
O39190,C1015,Wireless Mouse,2,102.69
O58864,C1017,Portable Charger,3,28.54
O68422,C1012,USB-C Cable,2,154.17
O44152,C1014,Mechanical Keyboard,1,170.42
O36299,C1054,Bluetooth Headphones,3,35.62
O33500,C1018,Laptop Stand,3,10.2
O21395,C1045,  HDMI Adapter  ,1,49.29
O83446,C1047,Wireless Mouse,2,103.89
O38177,C1027,HDMI Adapter,3,75.09
O80575,C1027,Screen Protector,3,126.14
O19539,C1017,Laptop Sleeve,1,137.74
O94207,C1000,  Phone Case  ,1,13.52
O13697,C1037,MECHANICAL KEYBOARD,2,177.94
O79226,c1054,Portable Charger,2,38.85
O82151,C1020,Webcam,2,19.17
O10256,C1034,Desk Lamp,3,138.55
O82161,C1036,Wireless Mouse,2,96.11
O84473,C1059,Mechanical Keyboard,1,171.18
O47649,C1010,Laptop Sleeve,2,166.18
O45378,C1051,Laptop Stand,3,102.89
O47653,C1030,Laptop Stand,1,62.85
O36698,C1036,Portable Charger,3,79.08
O99989,C1013,Webcam,1,84.09
O17977,C1004,  Wireless Mouse  ,2,142.4
O16875,C1002,  Laptop Sleeve  ,1,167.08
O16291,C1050,Phone Case,1,170.91
O27143,C1051,Phone Case,1,117.42
O40983,C1019,  Screen Protector  ,3,62.56
O16006,C1023,Laptop Sleeve,2,121.74
O44429,C1035,BLUETOOTH HEADPHONES,2,79.75
O67896,C1017,Laptop Stand,2,50.91
O22521,C1058,Laptop Sleeve,1,75.69
O83464,C1010,USB-C Cable,1,67.89
O25572,C1035,Portable Charger,1,30.13
O74482,C1007,Screen Protector,3,23.56
O51441,C1016,HDMI Adapter,3,100.47
O26389,C1033,HDMI Adapter,1,76.29
O81376,C1050,Phone Case,3,60.91
O48138,C1041,Laptop Sleeve,1,
O16433,C1002,Desk Lamp,1,167.69
O57638,C1029,Wireless Mouse,3,26.4
O44152,C1014,HDMI Adapter,2,99.13
O17331,C1044,HDMI Adapter,1,47.4
O51035,C1037,PHONE CASE,3,77.38
O73068,C1004,Webcam,3,106.57
O62386,C1004,Screen Protector,3,83.06
O82151,C1020,Laptop Sleeve,1,98.98
O17144,C1000,Portable Charger,3,65.98
O28162,C1026,Webcam,3,112.87
O53815,C1006,Wireless Mouse,2,70.02
O73559,C1009,Mechanical Keyboard,3,39.1
O84278,C1035,Laptop Stand,1,71.14
O51048,C1048,Phone Case,1,174.35
O96309,C1010,Screen Protector,3,44.04
O74361,C1031,Webcam,2,72.54
O10157,C1030,Screen Protector,1,99.13
O56170,C1026,HDMI Adapter,3,
O60040,C1008,Screen Protector,3,127.46
O59601,C1018,Screen Protector,1,68.55
O72908,C1053,USB-C Cable,2,87.61
O83812,C1040,Laptop Sleeve,2,101.85
O86445,c1014,Laptop Stand,3,60.11
O11821,c1034,Webcam,3,114.0
O75390,C1039,HDMI Adapter,3,78.86
O20114,C1049,Laptop Stand,1,58.88
O70108,C1044,Screen Protector,1,64.94
O59601,C1018,USB-C Cable,3,26.17
O65640,C1044,Mechanical Keyboard,3,21.58
O83812,c1040,  Mechanical Keyboard  ,2,
O91345,C1005,Wireless Mouse,3,158.36
O21239,C1033,Bluetooth Headphones,2,132.56
O81188,C1049,USB-C Cable,2,171.66
O14085,C1056,Phone Case,2,66.33
O79616,C1029,Desk Lamp,3,177.92
O85385,C1018,Mechanical Keyboard,1,93.61
O33385,C1027,Laptop Sleeve,2,57.51
O96847,C1050,Portable Charger,2,54.33
O91877,C1020,Laptop Stand,2,19.35
O19539,C1017,HDMI Adapter,3,40.36
O67944,c1011,Laptop Stand,1,70.09
O46463,C1026,Desk Lamp,1,147.22
O32825,C1001,  Wireless Mouse  ,2,11.7
O16433,C1002,Wireless Mouse,2,134.3
O75514,C1034,Laptop Stand,2,72.79
O37973,C1038,Mechanical Keyboard,1,22.38
O56338,C1004,Mechanical Keyboard,1,93.83
O32344,C1055,Portable Charger,3,102.91
O66917,C1055,Mechanical Keyboard,2,15.61
O89711,C1014,Laptop Sleeve,3,92.36
O59592,C1056,Laptop Sleeve,3,54.81
O18450,C1027,Mechanical Keyboard,1,14.58
O67424,c1013,USB-C Cable,3,35.24
O98280,C1054,USB-C Cable,3,129.21
O69641,C1002,Portable Charger,2,105.47
O82154,C1002,Webcam,1,164.67
O22924,C1041,Bluetooth Headphones,2,133.59
O43947,C1049,Portable Charger,3,93.6
O54514,C1000,Laptop Sleeve,3,29.67
O26389,C1033,Webcam,3,133.18
O73472,c1005,PHONE CASE,2,88.68
O32273,C1038,PORTABLE CHARGER,3,179.25
O97528,C1041,Laptop Stand,3,140.41
O79761,C1022,Desk Lamp,2,21.52
O41404,C1021,Mechanical Keyboard,3,169.85
O67708,C1009,  Laptop Stand  ,2,119.78
O68360,C1020,  HDMI Adapter  ,2,91.29
O93744,C1053,Desk Lamp,3,141.19
O65823,C1044,Screen Protector,3,137.5
O53100,C1046,HDMI Adapter,2,49.75
O16051,C1010,Bluetooth Headphones,2,92.36
O70513,C1019,Laptop Stand,2,140.34
O18469,C1033,Desk Lamp,1,29.6
O44099,C1005,  Laptop Sleeve  ,2,179.98
O31567,C1050,Laptop Sleeve,1,88.55
O37521,C1008,HDMI Adapter,3,170.79
O39190,c1015,Screen Protector,2,25.65
O93665,C1012,Screen Protector,1,139.22
O23951,C1011,Portable Charger,1,137.5
O19828,C1012,HDMI Adapter,2,153.73
O40983,C1019,Phone Case,1,59.75
O99523,C1018,Bluetooth Headphones,1,67.18
O27589,C1018,HDMI Adapter,2,154.38
O46349,C1006,Bluetooth Headphones,3,50.58
O15383,C1054,  Portable Charger  ,2,
O74418,C1034,Portable Charger,1,73.71
O19813,C1029,Wireless Mouse,2,19.49
O47089,C1031,Webcam,3,53.03
O48401,C1045,Mechanical Keyboard,1,19.15
O89635,c1043,  Bluetooth Headphones  ,2,124.63
O79226,C1054,HDMI Adapter,1,166.09
O20031,C1015,Screen Protector,2,158.8
O44311,C1011,Screen Protector,3,141.29
O40115,C1041,Laptop Stand,3,122.54
O79258,C1041,Desk Lamp,3,134.32
O51984,C1032,Laptop Stand,3,20.4
O52229,C1012,HDMI Adapter,2,10.86
O85849,C1007,Phone Case,3,42.11
O16051,C1010,LAPTOP STAND,1,44.09
O52904,C1012,Screen Protector,2,132.63
O39922,C1015,HDMI Adapter,1,70.66
O43544,C1057,Bluetooth Headphones,1,45.09
O38905,C1026,Phone Case,2,149.6
O29087,C1048,Portable Charger,1,121.12
O15833,C1046,USB-C Cable,2,169.87
O87550,C1026,Screen Protector,1,59.58
O98587,C1011,Screen Protector,3,140.78
O94125,C1031,Portable Charger,3,97.96
O94390,C1033,Mechanical Keyboard,3,143.76
O10004,C1039,Phone Case,1,
O33206,C1056,Laptop Stand,2,158.01
O50372,C1021,Mechanical Keyboard,3,
O54265,C1031,Laptop Sleeve,3,
O35032,C1031,Mechanical Keyboard,1,86.6
O72685,C1007,Screen Protector,2,135.82
O48289,C1055,Mechanical Keyboard,3,129.8
O83812,c1040,Portable Charger,2,31.23
O45060,C1016,  Screen Protector  ,1,112.86
O47649,C1010,Desk Lamp,1,135.05
O95093,C1013,Bluetooth Headphones,3,116.42
O36624,C1032,Phone Case,3,103.17
O21239,C1033,Wireless Mouse,1,30.74
O21690,C1016,Webcam,1,120.5
O39329,c1000,Laptop Sleeve,1,76.31
O20031,C1015,Bluetooth Headphones,2,135.37
O99318,C1042,Webcam,2,29.01
O89602,C1039,Bluetooth Headphones,3,103.31
O61543,C1029,Bluetooth Headphones,2,31.04
O29805,C1007,Phone Case,3,38.63
O27548,C1051,Webcam,1,51.78
O90903,C1009,Wireless Mouse,3,14.59
O83464,C1010,Webcam,3,80.94
O46349,C1006,Webcam,1,157.13
O94341,C1008,Screen Protector,1,116.28
O69486,C1036,USB-C Cable,2,65.68
O66949,C1035,Webcam,2,141.6
O97835,C1005,Portable Charger,3,17.32
O82999,C1058,Laptop Sleeve,3,134.15
O88390,C1009,Bluetooth Headphones,3,47.39
O22502,C1041,Mechanical Keyboard,1,104.47
O31856,C1003,Laptop Sleeve,2,55.89
O79922,C1016,Desk Lamp,1,72.45
O11818,C1044,Phone Case,1,32.97
O53848,C1002,Webcam,1,160.74
O38905,C1026,USB-C Cable,2,140.88
O58200,C1056,MECHANICAL KEYBOARD,1,149.27
O56170,C1026,Screen Protector,3,126.39
O16006,C1023,Phone Case,2,85.99
O30568,C1003,HDMI Adapter,2,94.96
O44513,C1041,Wireless Mouse,2,148.56
O73559,C1009,USB-C Cable,1,168.64
O26539,C1048,Laptop Stand,3,103.69
O95362,C1034,HDMI Adapter,1,21.33
O72908,C1053,HDMI Adapter,2,22.1
O73559,C1009,Wireless Mouse,3,121.63
O44429,C1035,Laptop Stand,3,59.63
O34551,C1000,Laptop Stand,1,122.27
O30321,C1056,Screen Protector,3,172.03
O65640,C1044,Wireless Mouse,1,68.47
O51441,c1016,USB-C Cable,1,167.79
O89711,C1014,Mechanical Keyboard,3,118.31
O69641,C1002,Phone Case,1,88.21
O72613,C1000,Webcam,2,59.47
O46294,C1022,Laptop Sleeve,2,129.47
O77559,C1030,Bluetooth Headphones,3,119.82
O39350,C1035,USB-C Cable,1,15.85
O83446,C1047,Mechanical Keyboard,3,112.16
O53848,C1002,  Laptop Stand  ,1,128.93
O72367,C1049,Webcam,2,29.02
O64565,C1030,Mechanical Keyboard,2,38.83
O22015,C1003,Laptop Stand,3,178.08
O36624,c1032,Desk Lamp,2,
O38974,C1014,Bluetooth Headphones,2,18.96
O99318,C1042,Desk Lamp,2,173.33
O65822,C1059,  Webcam  ,3,141.14
O54150,C1037,Portable Charger,3,55.02
O52538,C1030,Laptop Sleeve,3,176.07
O18913,C1035,Laptop Sleeve,3,157.76
O39937,C1010,PORTABLE CHARGER,1,73.87
O33206,C1056,USB-C Cable,3,123.22
O91345,C1005,Bluetooth Headphones,1,87.95
O65212,C1031,Wireless Mouse,2,28.51
O42757,C1026,Bluetooth Headphones,1,147.77
O98587,C1011,Laptop Sleeve,1,57.71
O41224,C1027,Desk Lamp,3,121.39
O50449,C1002,Laptop Sleeve,2,75.19
O44152,C1014,Webcam,2,108.72
O30730,C1041,Wireless Mouse,3,164.97
O72294,C1000,Portable Charger,1,126.41
O29401,C1036,USB-C Cable,3,34.56
O37556,C1050,Mechanical Keyboard,1,60.47
O27940,C1002,Laptop Stand,1,108.85
O10358,C1035,Laptop Sleeve,2,154.59
O42943,C1050,Screen Protector,2,42.93
O75700,C1022,Laptop Stand,3,31.61
O42142,c1017,HDMI Adapter,1,58.67
O89478,C1003,Desk Lamp,2,73.52
O51048,C1048,Screen Protector,1,149.98
O84473,C1059,USB-C Cable,3,116.33
O80442,C1051,Wireless Mouse,3,44.76
O36299,C1054,Screen Protector,2,50.24
O34752,C1059,Laptop Sleeve,1,140.95
O28249,C1047,Laptop Stand,2,
O87170,C1030,Phone Case,3,60.07
O84757,C1001,Portable Charger,3,75.13
O99024,C1016,USB-C Cable,1,138.76
O95254,C1004,USB-C Cable,2,124.02
O47261,C1049,Phone Case,1,63.65
O89478,C1003,Mechanical Keyboard,1,38.85
O69606,C1052,Portable Charger,2,94.55
O30446,C1053,Mechanical Keyboard,3,139.45
O60040,C1008,Portable Charger,1,80.19
O48165,C1002,HDMI Adapter,3,166.07
O24029,C1056,Phone Case,2,117.09
O66893,C1018,  Laptop Stand  ,1,147.98
O65590,C1038,Desk Lamp,1,71.12
O66533,C1025,HDMI Adapter,2,47.19
O85650,C1045,  Screen Protector  ,1,176.48
O53815,C1006,Mechanical Keyboard,3,28.7
O72021,C1020,Desk Lamp,3,144.52
O67377,C1019,Desk Lamp,2,84.06
O60785,C1038,USB-C Cable,2,50.45
O25097,C1015,Laptop Stand,1,17.14
O73908,C1026,Laptop Sleeve,3,
O85757,C1016,Laptop Sleeve,1,70.31
O45378,C1051,Laptop Stand,3,102.89
O93735,C1049,Bluetooth Headphones,2,161.45
O69486,C1036,Screen Protector,1,68.84
O46294,C1022,Desk Lamp,1,9.57
O59716,C1047,Wireless Mouse,1,129.42
O46048,C1040,Bluetooth Headphones,1,50.12
O31146,C1039,Desk Lamp,1,57.54
O81549,C1036,Wireless Mouse,3,12.37
O42142,C1017,Screen Protector,3,89.26
O86916,C1015,Laptop Sleeve,2,128.54
O45060,C1016,Mechanical Keyboard,3,162.17
O66893,C1018,USB-C Cable,1,13.72
O67640,C1059,HDMI Adapter,2,19.75
O23159,C1031,  Webcam  ,2,102.21
O85650,C1045,HDMI Adapter,2,177.87
O47261,C1049,Bluetooth Headphones,3,85.93
O34530,C1006,Wireless Mouse,1,38.94
O58409,C1013,SCREEN PROTECTOR,1,160.92
O44311,C1011,Phone Case,2,102.6
O95181,C1029,Phone Case,3,18.47
O47653,C1030,Laptop Stand,1,62.85
O33500,C1018,Mechanical Keyboard,1,178.39
O58409,C1013,Desk Lamp,1,166.53
O84000,C1002,USB-C Cable,3,146.01
O67068,C1008,Laptop Stand,2,23.97
O59923,C1051,Screen Protector,3,41.72
O67271,C1003,Portable Charger,3,55.26
O97528,C1041,Laptop Sleeve,2,28.33
O94390,C1033,Portable Charger,3,37.09
O72021,C1020,Laptop Sleeve,1,
O77284,C1027,Bluetooth Headphones,2,66.78
O15370,C1034,USB-C Cable,2,73.62
O28423,C1004,HDMI Adapter,3,171.34
O67068,C1008,Laptop Sleeve,1,96.98
O95237,C1024,Desk Lamp,3,73.72
O76127,C1037,USB-C Cable,3,157.61
O44311,C1011,Laptop Sleeve,3,179.53
O41946,C1045,HDMI Adapter,1,53.95
O90775,C1010,Webcam,1,130.12
O30760,C1022,Bluetooth Headphones,2,171.96
O68422,C1012,Bluetooth Headphones,3,86.48
O61964,C1056,Laptop Sleeve,3,150.72
O60012,C1037,Mechanical Keyboard,2,167.01
O37521,C1008,Laptop Stand,3,177.46
O28671,C1046,Webcam,1,105.57
O58409,C1013,Bluetooth Headphones,1,14.93
O25931,C1029,  Desk Lamp  ,2,66.04
O95267,C1001,MECHANICAL KEYBOARD,3,179.09
O85552,C1038,Laptop Sleeve,2,69.85
O93611,C1015,Laptop Stand,2,80.98
O17806,C1008,USB-C Cable,1,70.76
O43352,C1029,  Bluetooth Headphones  ,1,
O26193,C1012,Phone Case,3,23.68
O69988,C1029,Phone Case,3,160.99
O80505,C1057,Screen Protector,1,145.43
O99173,C1044,HDMI Adapter,3,27.3
O89635,c1043,USB-C Cable,3,73.85
O84757,C1001,Webcam,2,179.35
O85457,C1058,Laptop Stand,2,153.6
O60785,C1038,Laptop Sleeve,1,92.53
O56961,C1028,Mechanical Keyboard,1,173.92
O38177,C1027,Laptop Stand,3,25.45
O32734,c1008,PORTABLE CHARGER,1,113.34
O77917,C1022,Bluetooth Headphones,2,56.4
O40115,C1041,Portable Charger,1,105.93
O68209,C1047,HDMI Adapter,1,94.58
O74011,C1037,BLUETOOTH HEADPHONES,2,60.6
O63665,C1019,Webcam,1,60.31
O56769,C1031,Portable Charger,1,174.01
O26260,C1023,Webcam,2,138.2
O30489,C1048,Bluetooth Headphones,1,
O60342,C1049,  Phone Case  ,2,
O66087,C1014,Phone Case,1,131.27
O56170,C1026,Portable Charger,1,76.51
O69338,C1051,Wireless Mouse,1,9.65
O29805,C1007,Portable Charger,2,
O85650,C1045,Laptop Sleeve,3,63.48
O49221,C1059,Webcam,2,148.31
O73020,C1038,Desk Lamp,1,150.37
O51441,c1016,Desk Lamp,3,146.82
O15956,C1010,WIRELESS MOUSE,2,142.05
O96743,C1038,Laptop Stand,1,20.21
O50944,C1014,USB-C Cable,1,31.26
O97424,C1041,USB-C Cable,3,38.66
O26539,C1048,Laptop Sleeve,2,151.47
O28407,C1015,  Laptop Stand  ,2,32.49
O74058,C1036,Bluetooth Headphones,2,101.84
O66414,C1034,Bluetooth Headphones,1,159.38
O30489,C1048,Desk Lamp,3,110.62
O66917,C1055,Laptop Stand,3,107.67
O88018,C1050,Phone Case,2,73.79
O55093,C1024,Laptop Sleeve,1,179.93
O82154,C1002,Laptop Stand,3,130.4
O95254,C1004,Desk Lamp,2,149.08
O58349,C1010,Laptop Stand,3,148.38
O22015,C1003,Phone Case,1,
O15956,C1010,Laptop Sleeve,1,172.4
O15833,C1046,Phone Case,1,55.39
O77499,C1046,Webcam,2,104.6
O49720,C1002,Screen Protector,1,160.17
O11818,C1044,USB-C Cable,2,59.76
O79258,C1041,Bluetooth Headphones,1,96.32
O61543,C1029,Phone Case,1,106.09
O65690,C1045,HDMI Adapter,2,126.51
O22363,C1036,Desk Lamp,3,120.39
O56338,C1004,Desk Lamp,3,45.59
O68065,C1048,Wireless Mouse,1,47.72
O42949,C1038,Laptop Stand,3,106.96
O88390,C1009,Laptop Stand,2,178.03
O39922,C1015,Phone Case,1,98.35
O40771,C1045,Portable Charger,2,144.94
O74361,C1031,Laptop Stand,2,144.82
O45162,C1056,Phone Case,3,154.64
O75251,C1009,Mechanical Keyboard,2,68.0
O38369,C1058,  Laptop Sleeve  ,3,69.06
O67536,C1049,HDMI Adapter,3,9.84
O45804,C1042,Desk Lamp,3,45.08
O26193,C1012,Mechanical Keyboard,2,37.39
O33500,C1018,Desk Lamp,1,161.5
O57028,C1055,Desk Lamp,2,
O52538,C1030,Phone Case,1,42.4
O96743,C1038,Laptop Sleeve,3,9.17
O11851,C1056,HDMI Adapter,2,71.17
O46698,C1037,Laptop Stand,3,64.79
O44099,C1005,  Bluetooth Headphones  ,1,13.34
O95196,C1027,USB-C Cable,1,119.61
O85448,C1059,HDMI Adapter,1,123.08
O98740,C1031,Webcam,3,95.49
O54845,C1043,HDMI Adapter,1,138.87
O67068,C1008,Bluetooth Headphones,1,149.26
O31884,C1031,  Laptop Sleeve  ,2,13.05
O81376,C1050,Webcam,1,46.67
O40827,C1051,  Laptop Sleeve  ,1,70.21
O69641,C1002,Portable Charger,2,105.47
O65985,C1014,Laptop Stand,2,74.29
O95749,C1005,HDMI Adapter,2,120.04
O28776,C1022,USB-C Cable,2,105.41
O18330,C1026,Laptop Sleeve,2,89.91
O44099,C1005,DESK LAMP,2,171.61
O49139,C1030,Mechanical Keyboard,2,137.6
O53393,C1005,Laptop Stand,1,70.06
O69695,C1037,Screen Protector,3,94.66
O90903,C1009,Mechanical Keyboard,1,176.61
O32273,C1038,HDMI Adapter,3,107.44
O11292,C1021,Laptop Stand,2,133.27
O85308,C1010,Bluetooth Headphones,3,17.94
O34530,C1006,Portable Charger,2,80.92
O11850,C1023,Phone Case,1,46.61
O42142,C1017,Phone Case,3,107.7
O24253,C1011,Phone Case,1,
O30321,C1056,Laptop Sleeve,2,74.43
O96754,C1001,Desk Lamp,3,110.18
O85385,C1018,Wireless Mouse,2,28.33
O79761,C1022,Laptop Stand,3,
O73083,C1024,Webcam,2,149.28
O68517,C1028,HDMI Adapter,1,107.58
O16385,C1017,HDMI Adapter,3,139.53
O47089,C1031,Laptop Stand,2,22.75
O66949,C1035,Phone Case,3,106.27
O22363,C1036,Laptop Sleeve,1,158.41
O62354,C1000,PHONE CASE,2,68.74
O56961,C1028,WEBCAM,2,146.91
O22924,C1041,Phone Case,1,12.22
O47087,C1055,HDMI Adapter,1,63.59
O65067,c1059,DESK LAMP,3,84.34
O49720,C1002,HDMI Adapter,3,26.81
O69606,c1052,Laptop Stand,3,167.91
O89711,C1014,Phone Case,2,22.38
O49363,C1058,Phone Case,1,102.25
O85813,C1012,MECHANICAL KEYBOARD,1,
O89668,C1001,LAPTOP SLEEVE,3,25.24
O38153,C1012,Bluetooth Headphones,3,153.43
O40827,C1051,Phone Case,1,166.4
O59592,C1056,Webcam,1,45.94
O54514,C1000,Webcam,3,119.96
O76287,C1004,Bluetooth Headphones,1,86.43
O13646,C1001,USB-C Cable,3,
O29087,C1048,Wireless Mouse,2,33.35
O58200,C1056,Desk Lamp,1,145.42
O54265,C1031,  HDMI Adapter  ,1,119.59
O30070,C1028,Desk Lamp,3,53.23
O83713,C1045,Bluetooth Headphones,2,119.23
O73483,C1031,Desk Lamp,3,67.36
O53904,c1040,  Wireless Mouse  ,3,38.95
O73908,C1026,Mechanical Keyboard,3,141.05
O44931,C1002,Bluetooth Headphones,3,84.19
O45804,C1042,Laptop Sleeve,1,43.16
O91345,C1005,Desk Lamp,2,154.73
O59716,C1047,Bluetooth Headphones,1,54.92
O98294,C1044,USB-C Cable,2,133.83
O28827,C1027,Portable Charger,2,109.6
O41594,C1020,Laptop Sleeve,2,84.54
O39937,C1010,PORTABLE CHARGER,1,73.87
O12263,C1020,HDMI Adapter,1,19.02
O30868,c1031,Mechanical Keyboard,2,173.0
O32570,C1041,Bluetooth Headphones,1,175.27
O50944,C1014,Portable Charger,1,125.66
O65816,C1029,Mechanical Keyboard,3,110.32
O17255,C1022,Laptop Stand,1,102.52
O25207,C1002,Webcam,1,44.53
O26260,C1023,Laptop Sleeve,2,25.82
O24996,C1027,Laptop Sleeve,3,154.68
O44311,C1011,  Webcam  ,1,92.49
O41404,C1021,Laptop Sleeve,1,146.68
O19634,c1037,Portable Charger,1,70.04
O42325,C1029,USB-C CABLE,1,45.72
O53848,C1002,  Wireless Mouse  ,1,122.09
O67896,C1017,HDMI Adapter,1,96.63
O25931,C1029,Wireless Mouse,2,79.73
O27589,C1018,Screen Protector,3,119.51
O91345,C1005,Screen Protector,1,
O65823,C1044,WIRELESS MOUSE,1,160.73
O57028,C1055,Laptop Sleeve,2,14.95
O98251,C1034,  Mechanical Keyboard  ,3,158.5
O69318,C1035,Mechanical Keyboard,3,
O75639,C1043,USB-C CABLE,3,140.27
O93611,C1015,Desk Lamp,2,26.34
O37021,C1005,Webcam,2,32.61
O92956,C1013,Laptop Stand,1,82.68
O29087,C1048,Screen Protector,1,80.59
O50944,C1014,Webcam,3,99.67
O39189,C1006,Mechanical Keyboard,1,23.85
O72373,c1009,USB-C Cable,3,163.08
O93418,C1057,  Portable Charger  ,3,9.24
O22924,C1041,Webcam,2,72.35
O93476,C1045,Laptop Sleeve,3,130.14
O39068,C1026,Laptop Stand,3,8.09
O83713,C1045,Desk Lamp,2,78.98
O81667,C1011,Wireless Mouse,1,40.02
O94125,C1031,Mechanical Keyboard,3,34.78
O77147,C1008,Portable Charger,1,45.38
O70341,C1036,Bluetooth Headphones,3,59.65
O19567,C1036,Desk Lamp,1,166.4
O38905,C1026,Desk Lamp,2,58.24
O66533,C1025,Wireless Mouse,3,155.91
O51976,C1059,USB-C Cable,3,107.39
O51059,C1024,Screen Protector,2,32.18
O89711,C1014,Bluetooth Headphones,2,33.45
O12102,C1023,Laptop Stand,1,80.53
O79616,C1029,HDMI Adapter,2,161.43
O65191,C1008,USB-C Cable,1,72.92
O17972,C1002,Bluetooth Headphones,2,102.32
O65590,C1038,USB-C Cable,3,93.68
O19539,C1017,Portable Charger,1,65.27
O69988,c1029,HDMI ADAPTER,1,14.36
O37973,C1038,Desk Lamp,2,163.08
O49085,c1032,Bluetooth Headphones,2,163.99
O54729,C1037,HDMI Adapter,2,73.46
O41224,C1027,USB-C Cable,1,30.68
O53904,C1040,Portable Charger,3,49.59
O84278,C1035,Desk Lamp,1,156.02
O17686,C1030,HDMI Adapter,1,176.83
O11105,C1052,USB-C Cable,3,129.1
O94341,C1008,USB-C Cable,1,56.3
O56112,C1033,Webcam,2,128.89
O98251,C1034,Desk Lamp,1,170.6
O81549,C1036,Desk Lamp,3,83.66
O96754,C1001,Bluetooth Headphones,2,16.45
O69338,C1051,HDMI Adapter,3,54.96
O61296,C1035,Mechanical Keyboard,3,75.26
O23159,C1031,HDMI Adapter,1,22.14
O28671,C1046,Laptop Stand,1,35.68
O95843,C1005,Mechanical Keyboard,1,16.47
O27888,C1012,Phone Case,1,123.48
O39190,C1015,Bluetooth Headphones,2,85.07
O66533,C1025,Laptop Sleeve,1,71.68
O31146,C1039,Bluetooth Headphones,2,132.36
O27589,C1018,Laptop Sleeve,1,138.25
O36006,C1007,Laptop Stand,3,109.69
O16433,C1002,  Screen Protector  ,2,161.15
O44167,C1008,HDMI Adapter,3,166.78
O60012,C1037,Webcam,1,20.34
O26843,C1024,  Laptop Stand  ,3,158.1
O87732,C1057,Portable Charger,3,71.62
O74418,C1034,Bluetooth Headphones,1,51.96
O67892,C1020,Bluetooth Headphones,1,102.02
O68918,C1020,Laptop Sleeve,3,72.95
O69988,C1029,Laptop Sleeve,1,156.29
O81820,C1026,Laptop Stand,2,142.9
O25386,C1002,Wireless Mouse,1,141.41
O26389,C1033,USB-C Cable,1,
O77582,C1024,Webcam,2,63.53
O86916,C1015,  Desk Lamp  ,2,156.27
O36624,C1032,Laptop Sleeve,1,73.33
O68360,C1020,Laptop Sleeve,3,127.17
O31516,C1018,Phone Case,2,28.77
O40603,C1022,Bluetooth Headphones,3,44.44
O80442,C1051,Bluetooth Headphones,1,177.76
O63788,C1026,Webcam,3,94.31
O19154,C1021,Laptop Stand,1,9.18
O39068,C1026,Laptop Sleeve,2,65.82
O63665,C1019,Laptop Sleeve,1,149.61
O47649,c1010,Laptop Stand,1,57.79
O83752,C1036,Phone Case,2,142.08
O39368,C1023,Desk Lamp,1,107.4
O10540,C1012,HDMI Adapter,1,115.79
O96474,C1046,Phone Case,3,89.75
O70925,C1048,Phone Case,1,103.14
O95799,C1039,Laptop Sleeve,3,104.35
O76127,C1037,Wireless Mouse,1,26.17
O94550,C1004,Screen Protector,2,137.2
O86619,C1029,HDMI Adapter,3,
O93735,C1049,Wireless Mouse,1,96.42
O44208,C1027,Wireless Mouse,1,20.85
O87937,C1048,Screen Protector,2,117.94
O21395,C1045,Wireless Mouse,2,170.96
O95597,C1058,Laptop Sleeve,2,124.96
O94341,C1008,Laptop Stand,2,47.62
O86619,C1029,Laptop Sleeve,3,160.09
O56598,C1039,HDMI Adapter,3,118.87
O96743,C1038,USB-C Cable,2,95.37
O28162,C1026,Bluetooth Headphones,3,11.91
O30883,C1023,Desk Lamp,2,67.29
O83812,C1040,Laptop Stand,3,140.7
O54714,C1041,Wireless Mouse,3,55.35
O98208,C1051,  Webcam  ,3,166.31
O66949,C1035,SCREEN PROTECTOR,1,70.83
O61296,C1035,Laptop Sleeve,1,90.98
O28423,C1004,Phone Case,2,146.75
O15956,C1010,USB-C Cable,3,125.77
O12102,C1023,Phone Case,3,159.75
O88172,C1040,Webcam,3,170.1
O42943,C1050,Bluetooth Headphones,3,137.88
O46698,C1037,Phone Case,3,38.67
O64602,C1049,HDMI Adapter,1,114.31
O16258,C1018,Phone Case,1,110.64
O31093,C1002,  Laptop Sleeve  ,3,92.37
O72908,C1053,Mechanical Keyboard,1,160.45
O63788,C1026,Laptop Stand,1,31.75
O98987,C1019,Webcam,2,42.32
O63120,C1048,Phone Case,3,73.23
O16433,C1002,  HDMI Adapter  ,3,71.01
O31516,C1018,Bluetooth Headphones,1,138.23
O69318,C1035,USB-C Cable,1,83.02
O27556,C1037,HDMI Adapter,1,61.87
O44099,C1005,USB-C Cable,1,73.21
O89668,C1001,USB-C Cable,1,40.31
O11818,C1044,WIRELESS MOUSE,1,40.82
O74418,C1034,WEBCAM,1,156.26
O70178,C1037,Phone Case,1,167.48
O36738,C1018,Bluetooth Headphones,1,104.64
O67176,C1053,Webcam,1,79.84
O34688,C1017,  Laptop Sleeve  ,3,121.61
O39329,C1000,Bluetooth Headphones,3,104.57
O21297,C1050,Laptop Stand,2,159.52
O73559,C1009,Laptop Stand,1,118.47
O53815,C1006,Desk Lamp,3,55.46
O36738,C1018,USB-C Cable,1,137.62
O53758,C1012,Bluetooth Headphones,3,109.66
O53758,C1012,Webcam,3,107.53
O68422,C1012,Laptop Stand,2,92.44
O67536,C1049,DESK LAMP,3,95.81
O72367,C1049,  Mechanical Keyboard  ,1,17.09
O84967,C1018,Screen Protector,3,170.41
O27143,C1051,HDMI Adapter,1,33.55
O17806,C1008,Laptop Sleeve,3,11.77
O53393,c1005,Laptop Sleeve,3,137.37
O19287,C1057,Mechanical Keyboard,2,96.43
O40957,C1019,USB-C Cable,2,155.54
O66533,C1025,Mechanical Keyboard,3,142.89
O84603,C1005,Bluetooth Headphones,2,128.15
O85248,C1023,Wireless Mouse,2,46.9
O95799,C1039,  Screen Protector  ,2,123.49
O13697,C1037,  Portable Charger  ,1,111.49
O30730,C1041,Webcam,3,139.15
O67377,C1019,Screen Protector,3,47.37
O18934,c1006,Wireless Mouse,2,175.13
O61964,C1056,Webcam,3,25.04
O44931,C1002,USB-C Cable,1,73.63
O50372,C1021,Desk Lamp,1,
O86380,C1046,Mechanical Keyboard,2,122.14
O22521,C1058,Portable Charger,1,58.21
O81188,C1049,Laptop Stand,1,164.93
O72781,C1021,LAPTOP SLEEVE,1,162.83
O97643,C1011,  Screen Protector  ,1,39.24
O30730,C1041,Phone Case,3,86.04
O93735,C1049,Bluetooth Headphones,2,161.45
O37483,C1005,Bluetooth Headphones,2,83.37
O43022,C1019,Phone Case,3,172.95
O72422,C1034,Bluetooth Headphones,1,96.53
O29401,C1036,Bluetooth Headphones,1,170.5
O19828,C1012,  Phone Case  ,3,82.5
O54845,C1043,Bluetooth Headphones,3,81.9
O87250,C1030,Screen Protector,2,131.84
O87170,c1030,HDMI Adapter,1,
O47089,C1031,USB-C Cable,1,132.99
O38307,C1056,HDMI Adapter,3,79.3
O32570,C1041,Laptop Sleeve,3,159.18
O31856,C1003,Laptop Stand,3,168.07
O96309,C1010,Wireless Mouse,3,160.5
O43947,C1049,Phone Case,2,128.41
O17972,C1002,  HDMI Adapter  ,2,162.67
O69460,C1033,Webcam,2,66.63
O30070,C1028,Phone Case,3,43.35
O17686,C1030,Phone Case,1,152.23
O44167,C1008,Desk Lamp,2,39.28
O17686,C1030,USB-C CABLE,3,83.36
O14379,C1014,Phone Case,1,35.68
O96960,C1041,Wireless Mouse,1,102.18
O33385,C1027,Webcam,3,97.29
O65448,C1026,Portable Charger,3,39.95
O54921,C1046,Mechanical Keyboard,2,39.45
O15788,C1020,USB-C Cable,2,176.3
O17686,C1030,Laptop Sleeve,3,18.89
O74058,C1036,Screen Protector,1,175.17
O19567,c1036,Mechanical Keyboard,1,10.87
O53100,C1046,Wireless Mouse,2,80.18
O89668,C1001,Webcam,1,74.05
O60040,C1008,Wireless Mouse,3,119.04
O59592,C1056,Laptop Stand,3,146.9
O54514,C1000,Desk Lamp,3,25.66
O34551,C1000,Portable Charger,3,143.26
O65690,C1045,Bluetooth Headphones,2,91.38
O65191,C1008,SCREEN PROTECTOR,2,108.04
O90315,C1052,Wireless Mouse,3,148.79
O36738,C1018,  Wireless Mouse  ,2,145.4
O92132,C1005,Mechanical Keyboard,1,174.11
O19634,C1037,Laptop Stand,3,23.41
O43631,c1050,Webcam,2,100.92
O41217,C1046,Laptop Stand,3,47.81
O75382,C1028,Screen Protector,3,121.09
O70357,C1054,Webcam,1,165.56
O53704,C1044,Mechanical Keyboard,3,26.36
O97304,C1038,  Wireless Mouse  ,3,
O60342,C1049,USB-C Cable,2,136.99
O81549,C1036,Laptop Sleeve,2,24.6
O87664,C1015,Wireless Mouse,2,64.09
O37973,C1038,Webcam,1,80.19
O99486,C1057,Desk Lamp,3,173.83
O59923,C1051,Webcam,3,179.24
O73654,C1031,Webcam,3,166.16
O14660,C1021,  Desk Lamp  ,2,87.54
O90903,C1009,WEBCAM,3,49.99
O14085,C1056,USB-C CABLE,2,110.37
O85650,C1045,Portable Charger,1,107.65
O39937,c1010,Phone Case,1,135.41
O27025,C1056,USB-C Cable,1,86.9
O66087,C1014,Webcam,2,169.52
O12087,C1022,HDMI Adapter,2,175.94
O59592,C1056,USB-C Cable,1,40.34
O77632,C1006,LAPTOP STAND,1,116.32
O69049,C1026,Screen Protector,2,164.26
O93422,C1053,USB-C Cable,2,87.28
O54265,C1031,Bluetooth Headphones,1,143.5
O27143,C1051,USB-C Cable,2,174.56
O47653,C1030,Phone Case,2,80.17
O18913,C1035,Bluetooth Headphones,1,84.68
O77673,C1046,Laptop Stand,2,117.69
O27891,C1044,Wireless Mouse,2,27.11
O94355,c1044,HDMI Adapter,2,147.35
O46211,C1051,Wireless Mouse,3,
O39329,C1000,USB-C Cable,2,51.41
O18957,C1032,Screen Protector,3,25.05
O37021,c1005,USB-C Cable,2,59.81
O81667,c1011,Desk Lamp,2,124.71
O73517,C1030,Wireless Mouse,2,115.8
O69433,C1059,HDMI Adapter,2,166.7
O34259,C1051,Mechanical Keyboard,3,
O89920,C1037,WIRELESS MOUSE,1,74.04
O31093,C1002,Screen Protector,3,167.72
O41404,C1021,HDMI Adapter,3,31.88
O73517,C1030,Laptop Sleeve,2,19.05
O73654,C1031,Wireless Mouse,2,12.99
O54500,C1037,Screen Protector,1,46.11
O13071,C1053,  Screen Protector  ,3,128.9
O36624,C1032,Mechanical Keyboard,3,149.31
O60275,C1015,Wireless Mouse,2,
O17255,C1022,Desk Lamp,1,12.53
O70693,C1040,Wireless Mouse,2,26.43
O69486,C1036,Laptop Sleeve,1,58.73
O98458,C1028,PHONE CASE,1,103.1
O94341,c1008,  Phone Case  ,2,35.73
O81549,C1036,Laptop Stand,2,161.51
O17977,C1004,Screen Protector,1,43.73
O99523,C1018,Desk Lamp,1,117.19
O99505,C1027,Laptop Sleeve,1,74.67
O13646,C1001,HDMI Adapter,2,30.45
O37521,C1008,Bluetooth Headphones,1,99.95
O31884,C1031,Screen Protector,3,71.96
O89920,C1037,Bluetooth Headphones,3,169.2
O81667,C1011,USB-C Cable,2,133.72
O19514,C1048,Laptop Sleeve,3,69.52
O94207,C1000,USB-C Cable,3,158.67
O28693,C1031,Bluetooth Headphones,2,139.81
O75639,C1043,Phone Case,2,178.72
O44931,C1002,Phone Case,1,141.41
O61299,C1035,Bluetooth Headphones,1,63.12
O95181,C1029,Bluetooth Headphones,3,26.41
O27143,C1051,Laptop Sleeve,1,144.72
O73898,C1014,USB-C Cable,2,133.11
O25572,C1035,Laptop Sleeve,2,130.74
O70845,C1006,  Screen Protector  ,3,140.5
O95181,C1029,Wireless Mouse,2,154.59
O36299,C1054,Portable Charger,1,70.66
O16258,C1018,Wireless Mouse,3,49.01
O29401,C1036,Bluetooth Headphones,1,170.5
O95980,C1014,  Portable Charger  ,3,62.58
O93418,C1057,HDMI Adapter,2,48.38
O98587,C1011,HDMI Adapter,3,168.73
O89482,C1053,Portable Charger,3,116.06
O85260,C1042,Laptop Sleeve,1,151.92
O79054,C1019,Screen Protector,2,161.59
O67079,C1008,Bluetooth Headphones,3,71.92
O44513,C1041,Screen Protector,3,151.7
O67892,C1020,USB-C Cable,1,14.58
O36928,C1035,Wireless Mouse,1,98.87
O88390,C1009,HDMI Adapter,3,138.8
O75251,C1009,HDMI Adapter,2,41.34
O41217,C1046,Phone Case,1,80.21
O25207,C1002,USB-C Cable,3,92.79
O89482,C1053,Bluetooth Headphones,2,40.7
O96303,C1036,Desk Lamp,2,60.1
O37719,C1001,Portable Charger,3,146.98
O44208,C1027,Laptop Stand,2,154.36
O37619,C1017,Screen Protector,2,52.41
O56769,C1031,USB-C Cable,3,46.4
O13251,C1042,  Wireless Mouse  ,3,172.29
O55093,C1024,DESK LAMP,3,164.98
O61615,C1045,Webcam,3,103.64
O22032,C1031,  Desk Lamp  ,1,119.31
O67176,C1053,Phone Case,1,11.22
O97835,C1005,  Laptop Sleeve  ,3,140.88
O89445,C1038,USB-C Cable,3,93.13
O78039,C1036,HDMI Adapter,3,97.97
O96474,C1015,Laptop Stand,1,128.38
O39922,C1015,Wireless Mouse,3,122.2
O14522,C1003,Laptop Stand,2,52.95
O61964,C1056,Bluetooth Headphones,1,94.35
O27025,C1056,Portable Charger,1,122.11
O54500,C1037,Phone Case,2,141.51
O25931,C1029,Bluetooth Headphones,2,157.28
O19539,C1017,Bluetooth Headphones,2,63.32
O42949,C1038,Bluetooth Headphones,2,75.15
O47649,C1010,HDMI Adapter,3,63.24
O63665,C1019,Screen Protector,2,174.2
O13988,C1017,Portable Charger,2,156.47
O55955,C1035,Laptop Sleeve,2,12.51
O65191,C1008,Desk Lamp,1,49.71
O77673,C1046,Phone Case,3,158.51
O14085,C1056,Wireless Mouse,1,93.49
O40982,C1034,Phone Case,2,36.61
O96474,C1046,Screen Protector,3,167.77
O96223,c1041,Portable Charger,2,150.67
O97878,c1042,HDMI Adapter,2,80.83
O95799,C1039,Laptop Stand,3,24.76
O52030,c1021,Wireless Mouse,3,38.95
O28249,C1047,Laptop Sleeve,3,90.63
O91108,C1029,Portable Charger,3,83.31
O16051,C1010,Wireless Mouse,1,155.25
O86869,C1047,Bluetooth Headphones,1,95.27
O23955,C1051,  Screen Protector  ,1,12.35
O93238,C1057,Wireless Mouse,3,37.01
O98472,C1013,Bluetooth Headphones,2,62.63
O62386,C1004,  Mechanical Keyboard  ,3,124.88
O82999,C1058,USB-C Cable,2,78.33
O51035,C1037,Desk Lamp,2,104.05
O48138,C1041,Phone Case,1,145.17
O94689,C1051,Laptop Sleeve,1,37.68
O20031,C1015,Portable Charger,2,
O34752,C1059,Portable Charger,1,14.79
O21239,C1033,Laptop Sleeve,3,111.34
O46735,C1057,USB-C Cable,2,13.6
O10256,C1034,HDMI Adapter,3,169.32
O97643,C1011,USB-C CABLE,2,
O82999,c1058,Mechanical Keyboard,3,114.06
O84421,C1045,Desk Lamp,3,30.67
O99486,C1057,Phone Case,1,87.23
O52904,C1012,Desk Lamp,1,32.65
O73472,C1005,  Laptop Sleeve  ,1,138.26
O36299,C1054,HDMI Adapter,1,78.56
O98458,c1028,Laptop Sleeve,3,17.88
O18177,C1016,Phone Case,2,73.84
O96303,C1036,USB-C Cable,1,112.2
O32734,C1008,Laptop Stand,1,65.71
O85757,c1016,Bluetooth Headphones,3,97.88
O95093,C1013,Portable Charger,1,21.49
O30321,c1056,HDMI Adapter,1,21.88
O75034,C1004,HDMI Adapter,1,104.1
O65690,C1045,  Webcam  ,2,160.82
O95749,C1005,Laptop Stand,3,32.23
O36050,C1015,Laptop Sleeve,1,78.97
O18302,C1039,Portable Charger,3,121.23
O27146,C1040,Wireless Mouse,2,117.58
O49513,C1006,Desk Lamp,3,12.17
O19813,C1029,USB-C Cable,3,51.23
O73517,C1030,  Screen Protector  ,3,74.99
O97424,C1041,BLUETOOTH HEADPHONES,3,107.43
O67176,C1053,Bluetooth Headphones,3,87.14
O21297,C1050,USB-C Cable,1,122.73
O74058,C1036,Wireless Mouse,3,103.43
O46211,C1051,Portable Charger,2,58.61
O50449,C1002,MECHANICAL KEYBOARD,1,135.53
O23159,C1031,Mechanical Keyboard,3,116.39
O54714,C1041,Screen Protector,1,39.34
O44513,C1041,Phone Case,3,107.52
O27436,C1009,Screen Protector,1,166.46
O75382,c1028,HDMI Adapter,3,8.75
O67424,C1013,Wireless Mouse,1,27.52
O25386,C1002,Phone Case,2,18.21
O18729,C1039,Desk Lamp,3,58.31
O10256,C1034,Screen Protector,2,153.23
O38369,C1058,Laptop Stand,3,23.71
O93203,c1002,Bluetooth Headphones,3,84.37
O30446,C1053,Portable Charger,1,141.98
O72685,C1007,Webcam,3,82.34
O75390,C1039,Wireless Mouse,3,
O19232,C1003,Screen Protector,2,62.42
O68450,C1033,HDMI ADAPTER,3,68.46
O77582,C1024,HDMI Adapter,3,8.43
O90775,C1010,Laptop Stand,1,118.84
O96163,C1002,Webcam,3,108.39
O54514,C1000,Laptop Sleeve,3,29.67
O60012,C1037,Portable Charger,1,31.35
O67640,C1059,  Mechanical Keyboard  ,2,20.76
O55504,C1040,Laptop Sleeve,3,
O57652,C1000,  Laptop Stand  ,3,173.4
O17806,C1008,Mechanical Keyboard,1,59.9
O61543,C1029,Wireless Mouse,1,94.94
O19634,C1037,Wireless Mouse,1,30.79
O58453,C1036,Desk Lamp,3,39.73
O95843,C1005,PHONE CASE,1,103.11
O87550,C1026,Wireless Mouse,1,159.31
O45786,C1016,Portable Charger,2,13.77
O22015,C1003,Desk Lamp,1,155.65
O53704,C1044,Phone Case,2,125.28
O94689,C1051,Phone Case,2,70.59
O79616,C1029,HDMI Adapter,2,161.43
O93735,C1049,PORTABLE CHARGER,2,123.43
O39573,C1000,Bluetooth Headphones,2,151.19
O87937,C1048,Portable Charger,2,39.49
O22597,C1057,Mechanical Keyboard,3,151.11
O85448,C1059,Bluetooth Headphones,1,24.33
O15788,C1020,Phone Case,2,161.54
O61127,C1048,Webcam,1,89.63
O67271,C1003,Laptop Stand,2,121.04
O23051,c1021,Bluetooth Headphones,2,115.7
O13251,C1042,USB-C Cable,1,143.32
O70845,C1006,Laptop Stand,1,70.64
O58409,C1013,USB-C CABLE,1,12.81
O94125,C1031,HDMI Adapter,1,144.96
O57652,C1000,Laptop Sleeve,2,122.25
O46211,C1051,Mechanical Keyboard,3,103.6
O28249,C1047,Phone Case,3,49.94
O69318,C1035,Wireless Mouse,2,134.15
O79226,C1054,Phone Case,1,149.2
O25572,C1035,HDMI ADAPTER,1,
O53393,C1005,  Mechanical Keyboard  ,3,113.56
O46735,C1057,Desk Lamp,3,76.44
O47294,C1037,Wireless Mouse,3,26.1
O29346,C1023,HDMI Adapter,2,72.77
O53815,C1006,USB-C Cable,1,60.35
O69303,c1030,DESK LAMP,2,62.85
O74058,C1036,Laptop Stand,1,72.62
O61727,C1046,HDMI Adapter,3,51.9
O98587,C1011,Mechanical Keyboard,2,172.66
O91688,C1020,Wireless Mouse,1,24.57
O27895,C1022,Desk Lamp,2,41.56
O84967,C1018,Laptop Stand,2,60.4
O38153,C1012,  Portable Charger  ,3,43.39
O11292,C1021,USB-C Cable,1,24.85
O28047,C1028,Portable Charger,2,
O18302,C1039,  Mechanical Keyboard  ,1,19.47
O26389,C1033,Bluetooth Headphones,1,75.05
O36928,C1035,Laptop Sleeve,3,97.05
O14660,C1021,HDMI Adapter,2,119.05
O93422,C1053,Screen Protector,3,115.46
O21690,C1016,Laptop Stand,1,11.53
O40603,C1022,Portable Charger,2,42.35
O61127,C1048,HDMI ADAPTER,2,73.7
O27781,C1019,Laptop Sleeve,1,135.67
O84714,C1014,HDMI Adapter,2,168.57
O58819,C1029,HDMI Adapter,2,92.07
O73083,C1024,Desk Lamp,2,166.52
O89602,C1039,Webcam,3,75.58
O65590,C1038,Screen Protector,1,126.77
O98294,C1044,Bluetooth Headphones,2,82.29
O70513,C1019,Mechanical Keyboard,2,112.0
O36588,c1018,Phone Case,2,8.61
O41946,C1045,Desk Lamp,2,156.61
O57576,C1031,Phone Case,2,159.14
O33206,C1056,Portable Charger,1,159.6
O94689,C1051,Screen Protector,2,116.51
O51059,C1024,  USB-C Cable  ,1,78.56
O15370,C1034,Wireless Mouse,2,128.68
O45162,C1056,Webcam,1,93.17
O59993,C1048,Bluetooth Headphones,2,132.98
O40603,C1022,USB-C Cable,3,
O11105,C1052,WEBCAM,1,131.46
O43352,C1029,Webcam,1,78.33
O84752,C1030,MECHANICAL KEYBOARD,3,62.42
O26351,C1007,HDMI Adapter,3,85.18
O40603,C1022,Desk Lamp,1,127.33
O98280,C1054,Desk Lamp,3,86.59
O84967,C1018,Webcam,3,97.63
O94390,C1033,USB-C Cable,1,19.14
O54714,C1041,Laptop Stand,2,19.28
O13646,C1001,Portable Charger,1,46.14
O38369,C1058,Bluetooth Headphones,1,60.04
O40382,C1043,Laptop Stand,3,44.67
O31068,C1025,Portable Charger,1,82.88
O22475,C1041,Laptop Sleeve,2,8.19
O16672,C1023,Screen Protector,2,80.71
O76127,C1037,Desk Lamp,2,96.32
O39820,C1042,Portable Charger,3,94.36
O87250,C1030,  Phone Case  ,2,44.98
O25207,C1002,Desk Lamp,1,39.07
O72422,C1034,Wireless Mouse,1,160.55
O50372,C1021,  Laptop Sleeve  ,2,81.15
O13501,C1032,Desk Lamp,3,20.59
O27436,C1009,Mechanical Keyboard,1,113.51
O22924,C1041,Mechanical Keyboard,3,52.5
O61296,C1035,Desk Lamp,3,154.17
O65816,C1029,HDMI Adapter,3,117.07
O84752,c1030,Webcam,2,134.72
O37483,C1005,Desk Lamp,1,50.92
O67424,C1013,Screen Protector,2,159.51
O33500,C1018,Phone Case,1,22.62
O56598,C1039,LAPTOP SLEEVE,2,126.55
O55955,C1035,  Desk Lamp  ,2,
O38974,C1014,MECHANICAL KEYBOARD,3,110.38
O67079,C1008,Wireless Mouse,2,171.74
O65690,C1045,Phone Case,2,104.14
O95254,C1004,Wireless Mouse,1,64.83
O68360,C1020,Screen Protector,1,36.61
O58819,C1029,Phone Case,2,36.12
O79761,C1022,HDMI Adapter,2,71.5
O99523,C1018,Mechanical Keyboard,3,68.51
O73472,C1005,Bluetooth Headphones,3,23.61
O35032,C1031,Laptop Sleeve,1,44.18
O21171,C1015,Wireless Mouse,2,137.6
O65816,C1029,  Screen Protector  ,1,146.62
O79054,C1019,Laptop Stand,2,97.61
O17255,C1022,Bluetooth Headphones,2,
O19828,C1012,Wireless Mouse,1,44.93
O34688,C1017,Wireless Mouse,1,33.79
O58435,C1055,Bluetooth Headphones,3,12.96
O15833,C1046,Desk Lamp,3,127.76
O59993,C1048,Desk Lamp,1,81.51
O18819,C1051,Portable Charger,1,25.35
O28827,C1027,USB-C Cable,2,43.74
O60785,C1038,Mechanical Keyboard,2,38.46
O43347,C1040,Laptop Sleeve,2,143.91
O53904,C1040,Webcam,1,54.5
O21171,C1015,SCREEN PROTECTOR,3,162.47
O46842,C1027,Laptop Sleeve,1,116.82
O47261,C1049,HDMI Adapter,3,125.19
O34259,C1051,Laptop Stand,3,174.12
O45060,C1016,Bluetooth Headphones,2,170.76
O61299,C1035,Screen Protector,3,53.3
O84757,C1001,Mechanical Keyboard,1,93.48
O78566,C1023,Desk Lamp,2,139.34
O26539,C1048,Portable Charger,3,143.29
O66980,C1013,LAPTOP SLEEVE,2,104.33
O27589,C1018,Desk Lamp,2,64.4
O83464,C1010,Laptop Sleeve,3,83.96
O36588,C1018,USB-C Cable,2,112.57
O41404,C1021,Portable Charger,2,50.75
O98280,C1054,Portable Charger,2,78.1
O21297,C1050,Wireless Mouse,2,146.77
O80010,C1023,  Bluetooth Headphones  ,2,157.38
O33496,C1034,Screen Protector,2,68.96
O56598,C1039,Bluetooth Headphones,3,104.04
O23159,C1031,  Laptop Sleeve  ,3,149.8
O27146,C1040,Mechanical Keyboard,2,14.86
O43947,C1049,Laptop Stand,1,
O38153,C1012,Webcam,2,40.16
O23113,C1021,USB-C Cable,1,57.04
O52003,C1037,Laptop Sleeve,2,68.67
O99989,C1013,Portable Charger,2,74.05
O31964,C1039,Desk Lamp,2,118.18
O33496,C1034,Webcam,2,127.92
O49085,C1032,USB-C Cable,2,171.14
O85778,c1036,Desk Lamp,2,56.33
O95843,C1005,Screen Protector,1,155.87
O11818,C1044,Portable Charger,2,135.07
O75034,C1004,USB-C Cable,1,40.7
O49062,C1020,Laptop Sleeve,1,162.71
O35032,C1031,Webcam,2,69.99
O19337,C1051,PORTABLE CHARGER,2,61.56
O51984,C1032,Desk Lamp,1,
O84752,C1030,Screen Protector,1,74.93
O26260,C1023,Desk Lamp,3,24.71
O31516,C1018,Laptop Sleeve,3,92.7
O20031,C1015,Wireless Mouse,3,165.78
O65823,C1044,  Bluetooth Headphones  ,2,21.92
O65816,C1029,Webcam,2,97.99
O33944,C1033,Laptop Stand,3,126.63
O12087,C1022,  Phone Case  ,2,71.71
O72822,C1047,Bluetooth Headphones,2,173.07
O13251,C1042,Phone Case,1,
O27146,C1040,Bluetooth Headphones,3,27.24
O86869,C1047,Screen Protector,3,137.05
O74482,C1007,HDMI Adapter,2,19.12
O87937,C1048,Mechanical Keyboard,1,34.74
O38569,C1042,Portable Charger,2,87.99
O46842,C1027,Laptop Stand,1,173.44
O49085,C1032,Phone Case,2,179.22
O47700,C1025,USB-C Cable,1,172.31
O68805,C1047,Portable Charger,3,173.92
O65823,C1044,WIRELESS MOUSE,1,160.73
O40771,C1045,  Phone Case  ,1,125.27
O11292,C1021,Wireless Mouse,2,106.41
O93227,C1043,Portable Charger,3,37.44
O36050,C1015,Mechanical Keyboard,1,161.16
O88172,C1040,HDMI Adapter,2,18.93
O78039,C1036,Mechanical Keyboard,3,122.16
O39391,C1040,Mechanical Keyboard,1,28.87
O95181,C1029,Laptop Sleeve,3,96.8
O30052,C1026,Mechanical Keyboard,1,150.89
O53704,C1044,Portable Charger,2,154.77
O19154,C1021,Desk Lamp,2,74.27
O77582,C1024,Laptop Sleeve,3,154.22
O55955,C1035,Phone Case,2,174.43
O51441,C1016,Wireless Mouse,1,71.56
O90903,C1009,Desk Lamp,3,39.64
O27888,C1012,Bluetooth Headphones,3,64.26
O98280,C1054,Mechanical Keyboard,1,172.73
O86619,C1029,Wireless Mouse,3,87.85
O15370,C1034,Mechanical Keyboard,3,111.77
O40771,C1045,Screen Protector,2,116.56
O86415,c1009,Webcam,3,163.84
O48138,C1041,Wireless Mouse,3,18.64
O33496,C1034,Bluetooth Headphones,1,26.41
O38153,C1012,HDMI Adapter,2,174.14
O96743,C1038,Webcam,3,85.76
O31964,C1039,USB-C Cable,2,118.88
O18469,C1033,Bluetooth Headphones,3,21.44
O50449,C1002,Bluetooth Headphones,2,9.46
O42943,C1050,HDMI Adapter,3,85.2
O99523,C1018,Wireless Mouse,2,77.03
O19813,C1029,Bluetooth Headphones,1,175.95
O49363,C1058,Portable Charger,3,95.23
O89478,C1003,LAPTOP STAND,3,169.56
O10004,C1039,Laptop Sleeve,2,95.0
O85385,C1018,Portable Charger,2,179.14
O13697,C1037,Laptop Sleeve,2,128.99
O30760,C1022,Screen Protector,1,31.83
O70807,c1036,Portable Charger,1,144.91
O95267,C1001,Phone Case,2,144.25
O31567,C1050,WIRELESS MOUSE,3,176.55
O67892,C1020,Webcam,3,48.21
O55504,C1040,HDMI Adapter,1,60.21
O52030,C1021,Portable Charger,3,58.13
O36050,C1015,Portable Charger,2,136.5
O65067,C1059,Mechanical Keyboard,3,151.61
O74923,C1047,USB-C Cable,2,119.77
O45162,C1056,Laptop Stand,1,
O20114,C1049,Portable Charger,3,174.77
O48289,C1055,USB-C Cable,1,148.9
O24253,C1011,Webcam,3,125.91
O36928,C1035,Bluetooth Headphones,1,144.53
O51984,C1032,Bluetooth Headphones,3,19.26
O14901,C1011,  Mechanical Keyboard  ,1,141.78
O52030,C1021,HDMI Adapter,3,111.75
O82845,C1000,  Desk Lamp  ,3,101.26
O70693,C1040,  Laptop Stand  ,2,161.51
O72616,C1021,Wireless Mouse,3,33.66
O18729,C1039,Bluetooth Headphones,2,74.85
O32570,C1041,Desk Lamp,2,11.48
O23357,C1015,  Desk Lamp  ,1,146.27
O94550,C1004,Webcam,3,127.46
O47653,C1030,LAPTOP SLEEVE,2,152.5
O56112,C1033,Screen Protector,3,135.78
O84603,C1005,Phone Case,2,150.94
O25207,c1002,Wireless Mouse,2,179.17
O76287,C1004,LAPTOP STAND,1,91.91
O47089,C1031,Portable Charger,3,130.69
O26843,C1024,Webcam,1,94.25
O57683,C1036,Mechanical Keyboard,2,10.78
O11850,C1023,Portable Charger,2,131.6
O93476,C1045,Screen Protector,1,63.45
O22015,C1003,Wireless Mouse,3,122.0
O67640,C1059,USB-C Cable,1,156.65
O36006,C1007,Laptop Sleeve,1,89.51
O36832,C1041,Screen Protector,2,31.81
O30052,C1026,Webcam,2,141.24
O10358,C1035,Desk Lamp,3,23.49
O61543,C1029,DESK LAMP,3,159.76
O64602,C1049,Portable Charger,2,79.49
O49062,C1020,Bluetooth Headphones,2,75.07
O47294,C1037,Mechanical Keyboard,3,122.71
O85849,C1007,Wireless Mouse,2,12.42
O72422,C1034,Portable Charger,2,131.21
O97528,C1041,Bluetooth Headphones,1,45.69
O33944,C1033,Wireless Mouse,2,176.45
O28162,C1026,Laptop Stand,1,63.9
O85101,C1031,Portable Charger,3,91.28
O86380,C1046,Phone Case,1,129.92
O89602,C1039,Laptop Sleeve,1,161.04
O30454,C1049,Desk Lamp,3,8.74
O98587,C1011,HDMI Adapter,3,168.73
O64602,C1049,Laptop Stand,3,91.07
O44159,C1052,Screen Protector,3,36.53
O70693,C1040,Bluetooth Headphones,3,9.19
O33385,C1027,Mechanical Keyboard,1,172.0
O83446,C1047,HDMI Adapter,3,69.08
O96309,C1010,Portable Charger,1,8.27
O22972,C1035,Webcam,1,126.77
O68224,C1028,Laptop Stand,2,135.54
O26843,C1024,Phone Case,1,108.87
O28671,C1046,Screen Protector,2,102.54
O72422,C1034,USB-C Cable,2,88.75
O48165,C1002,Screen Protector,2,83.6
O34431,C1027,USB-C Cable,1,129.1
O70807,C1036,Laptop Sleeve,2,71.34
O27781,c1019,Laptop Stand,2,169.52
O32344,C1055,Desk Lamp,2,97.97
O77632,C1006,Laptop Sleeve,1,38.01
O49221,C1059,Portable Charger,3,162.59
O49221,C1059,USB-C Cable,3,110.12
O22032,C1031,Mechanical Keyboard,2,53.38
O17972,C1002,Desk Lamp,2,179.76
O73908,C1026,  Phone Case  ,3,99.81
O14466,C1030,USB-C Cable,1,151.42
O96303,C1036,Wireless Mouse,2,30.26
O99173,C1044,Laptop Stand,2,154.97
O71370,C1033,Wireless Mouse,2,83.23
O69486,C1036,Desk Lamp,1,92.84
O59601,C1018,Webcam,1,38.72
O30454,C1049,Mechanical Keyboard,3,162.11
O48974,C1017,Laptop Stand,1,92.85
O30760,C1022,Laptop Sleeve,1,
O96474,C1046,  Portable Charger  ,3,103.27
O45378,C1051,HDMI Adapter,1,26.64
O30489,C1048,Webcam,1,99.76
O32344,C1055,Screen Protector,3,109.16
O19828,C1012,Mechanical Keyboard,1,11.75
O86916,C1015,HDMI Adapter,1,124.43
O29401,C1036,Portable Charger,1,97.75
O72367,C1049,HDMI Adapter,2,122.67
O91688,C1020,Portable Charger,2,58.49
O96474,C1046,USB-C Cable,3,
O82999,C1058,Webcam,2,49.53
O18957,c1032,Portable Charger,3,37.55
O31068,c1025,Screen Protector,3,74.93
O51059,C1024,Phone Case,3,94.66
O50416,C1040,Laptop Sleeve,2,46.91
O70341,C1036,Phone Case,1,69.17
O94390,C1033,Desk Lamp,3,34.81
O22502,C1041,Phone Case,2,92.87
O24246,C1057,Screen Protector,3,178.17
O12263,c1020,USB-C Cable,2,83.66
O96960,C1041,Screen Protector,1,100.87
O23113,C1021,Laptop Stand,2,37.01
O34752,C1059,USB-C Cable,1,47.58
O90775,C1010,Laptop Sleeve,2,115.9
O95254,C1004,HDMI Adapter,1,75.07
O94207,C1000,Bluetooth Headphones,1,47.1
O74004,c1010,  Screen Protector  ,3,20.78
O42536,C1051,Phone Case,2,121.11
O26843,C1024,Laptop Sleeve,1,62.76
O44429,C1035,USB-C Cable,3,52.36
O13324,C1008,Laptop Stand,3,131.8
O10358,C1035,Laptop Stand,1,10.19
O98251,C1034,Portable Charger,1,38.76
O28407,C1015,Phone Case,1,161.53
O26193,C1012,USB-C Cable,3,38.77
O52538,C1030,Laptop Sleeve,3,176.07
O75382,C1028,USB-C Cable,1,165.54
O38307,C1056,  Desk Lamp  ,2,33.0
O96972,C1053,Bluetooth Headphones,2,69.38
O27997,C1058,MECHANICAL KEYBOARD,2,158.95
O40115,C1041,Webcam,1,158.74
O39820,C1042,  Webcam  ,1,89.67
O36050,C1015,Webcam,1,86.73
O82350,C1005,Laptop Stand,1,
O82845,C1000,Webcam,1,124.14
O84000,C1002,Laptop Stand,3,9.6
O96754,C1001,USB-C Cable,2,99.31
O79761,C1022,USB-C Cable,3,128.01
O26539,C1048,USB-C Cable,1,15.34
O54514,C1000,Phone Case,1,49.82
O89602,C1039,USB-C Cable,3,58.66
O67079,C1008,Phone Case,3,167.46
O69441,C1056,Mechanical Keyboard,2,34.25
O75700,C1022,HDMI Adapter,1,55.45
O67079,C1008,Webcam,3,179.27
O73908,C1026,  USB-C Cable  ,1,65.21
O41217,C1046,Screen Protector,3,107.89
O31146,C1039,Webcam,3,125.82
O38177,C1027,Mechanical Keyboard,2,114.22
O58819,C1029,  Laptop Stand  ,3,43.56
O69049,C1026,Webcam,3,112.86
O70806,C1025,Webcam,2,
O12263,C1020,Desk Lamp,3,78.28
O53704,C1044,Screen Protector,1,38.38
O67068,C1008,Wireless Mouse,1,156.34
O67342,C1043,Wireless Mouse,1,133.55
O43022,C1019,  Portable Charger  ,2,154.47
O51035,C1037,Laptop Sleeve,2,153.48
O17144,C1000,HDMI Adapter,2,60.11
O44167,C1008,Mechanical Keyboard,3,37.84
O89556,C1018,  Mechanical Keyboard  ,1,58.58
O41946,C1045,Webcam,1,86.57
O93418,C1057,Desk Lamp,2,
O66980,C1013,Wireless Mouse,2,131.46
O59601,C1018,Laptop Stand,1,112.42
O12087,C1022,Laptop Stand,2,90.52
O18302,C1039,Laptop Stand,2,34.51
O67377,C1019,Wireless Mouse,1,
O72021,C1020,Screen Protector,3,107.02
O14522,C1003,Desk Lamp,3,76.4
O67377,C1019,HDMI Adapter,2,123.63
O17144,C1000,Laptop Sleeve,2,94.35
O66949,C1035,Wireless Mouse,1,141.1
O96754,C1001,Wireless Mouse,3,33.91
O72613,C1000,USB-C Cable,3,32.57
O66087,C1014,Portable Charger,1,58.54
O24246,C1057,WIRELESS MOUSE,3,69.79
O28695,c1015,Wireless Mouse,3,169.44
O84714,C1014,Screen Protector,2,39.03
O20114,C1049,Portable Charger,3,174.77
O79258,C1041,Laptop Sleeve,2,158.17
O18913,C1035,USB-C Cable,3,124.56
O18469,C1033,  USB-C Cable  ,1,157.62
O74923,C1047,Laptop Sleeve,1,173.95
O77673,C1046,USB-C Cable,1,130.12
O89556,C1018,Bluetooth Headphones,2,143.56
O31964,C1039,HDMI Adapter,2,21.61
O28919,C1030,Laptop Sleeve,1,165.14
O84714,C1014,Laptop Stand,1,115.56
O32950,C1024,Phone Case,3,95.15
O18450,C1027,Webcam,3,62.57
O69338,C1051,Mechanical Keyboard,3,
O26334,C1015,  Wireless Mouse  ,3,99.41
O50944,C1014,Laptop Stand,2,164.47
O39391,C1040,Screen Protector,2,106.43
O39573,C1000,Phone Case,2,115.72
O62386,c1004,HDMI Adapter,2,107.86
O39573,C1000,Laptop Stand,2,176.23
O54500,C1037,Wireless Mouse,3,171.62
O37021,C1005,Desk Lamp,1,14.47
O44167,c1008,USB-C Cable,1,53.03
O79258,C1041,Webcam,3,18.37
O27882,C1002,Wireless Mouse,1,91.56
O30760,C1022,PORTABLE CHARGER,2,
O55504,C1040,Wireless Mouse,2,82.03
O56769,C1031,Screen Protector,1,38.57
O27997,C1058,Bluetooth Headphones,1,154.92
O87550,C1026,Bluetooth Headphones,3,169.95
O96847,C1050,USB-C Cable,3,35.03
O34530,C1006,Mechanical Keyboard,1,102.35
O14379,C1014,Desk Lamp,2,58.72
O45162,C1056,Laptop Sleeve,1,134.23
O48138,C1041,Laptop Stand,1,23.08
O26260,C1023,Screen Protector,3,71.03
O58453,C1036,WIRELESS MOUSE,1,85.13
O91877,C1020,Screen Protector,3,43.62
O61727,C1046,Webcam,1,160.22
O98472,C1013,Screen Protector,1,91.51
O36006,C1007,Webcam,1,41.05
O63223,C1006,HDMI Adapter,2,61.82
O88390,C1009,Laptop Sleeve,1,122.38
O75700,C1022,Wireless Mouse,3,13.07
O51059,C1024,Desk Lamp,2,162.78
O30863,C1004,Bluetooth Headphones,3,47.85
O70513,C1019,Desk Lamp,1,163.71
O93203,C1002,Desk Lamp,3,147.58
O65640,C1044,Screen Protector,2,64.4
O29805,C1007,Bluetooth Headphones,3,126.19
O48401,C1045,USB-C Cable,1,178.23
O13071,C1053,Webcam,1,58.09
O87170,C1030,Wireless Mouse,3,92.79
O70925,C1048,Wireless Mouse,3,54.3
O93611,C1015,Portable Charger,2,51.68
O42142,C1017,Laptop Sleeve,2,96.18
O56112,C1033,Mechanical Keyboard,3,175.98
O16385,C1017,Mechanical Keyboard,2,125.81
O56961,C1028,Phone Case,1,64.38
O39573,C1000,Mechanical Keyboard,3,18.81
O75382,C1028,Portable Charger,1,95.43
O74004,C1010,Laptop Sleeve,3,39.66
O25963,C1038,Portable Charger,1,129.79
O31093,c1002,Wireless Mouse,2,
O43347,C1040,WIRELESS MOUSE,2,65.32
O27781,C1019,Phone Case,2,74.85
O85101,C1031,Bluetooth Headphones,2,177.82
O42949,C1038,Wireless Mouse,1,127.97
O86483,C1049,Bluetooth Headphones,1,125.09
O22597,C1057,HDMI Adapter,1,111.26
O52003,C1037,Laptop Stand,3,85.81
O75514,C1034,Mechanical Keyboard,1,124.96
O90315,C1052,Screen Protector,3,125.19
O53758,C1012,Portable Charger,3,9.35
O85385,c1018,Screen Protector,2,179.83
O84752,C1030,USB-C Cable,1,107.5
O98208,C1051,Phone Case,2,72.84
O50449,C1002,Phone Case,1,90.04
O55093,C1024,Screen Protector,2,13.04
O85813,C1012,Desk Lamp,1,143.74
O65640,C1044,Phone Case,1,117.99
O25386,C1002,Desk Lamp,3,58.33
O27888,C1012,Laptop Sleeve,2,130.74
O32224,C1056,Desk Lamp,1,178.41
O31884,C1031,  Wireless Mouse  ,2,21.26
O91108,C1029,Bluetooth Headphones,1,104.15
O81820,C1026,Portable Charger,2,35.35
O93238,c1057,Laptop Stand,3,152.92
O55504,C1040,Screen Protector,1,90.84
O88018,C1050,PORTABLE CHARGER,3,140.51
O47700,C1025,Wireless Mouse,3,42.76
O34431,C1027,Mechanical Keyboard,1,44.56
O30052,c1026,Desk Lamp,2,122.93
O13646,C1001,  Bluetooth Headphones  ,3,114.31
O73517,C1030,Laptop Stand,1,161.6
O47261,C1049,MECHANICAL KEYBOARD,3,172.29
O19634,C1037,Phone Case,1,22.11
O81188,C1049,  Portable Charger  ,3,170.68
O36050,C1015,Mechanical Keyboard,1,161.16
O38177,C1027,Screen Protector,3,90.51
O49513,C1006,USB-C Cable,3,
O15788,C1020,Wireless Mouse,2,56.66
O19567,C1036,Screen Protector,2,76.45
O36006,C1007,Laptop Sleeve,1,89.51
O23937,C1029,Portable Charger,3,27.64
O17339,C1047,Portable Charger,2,127.1
O98208,C1051,Laptop Sleeve,3,93.88
O36744,C1032,Laptop Stand,2,64.04
O69988,C1029,  USB-C Cable  ,3,96.65
O19337,C1051,Laptop Stand,2,16.68
O93665,C1012,Laptop Sleeve,3,143.0
O96309,C1010,Laptop Sleeve,3,23.29
O39937,C1010,Laptop Sleeve,3,130.81
O85813,C1012,Portable Charger,1,88.24
O90775,C1010,Screen Protector,1,176.11
O70384,C1044,USB-C Cable,2,28.62
O56961,c1028,Screen Protector,1,59.4
O72613,C1000,Phone Case,2,20.18
O11947,C1055,  USB-C Cable  ,1,69.62
O23937,C1029,Phone Case,3,147.58
O87937,C1048,USB-C CABLE,2,159.71
O16672,C1023,Mechanical Keyboard,1,
O15370,C1034,Phone Case,2,126.93
O72021,C1020,Laptop Stand,2,50.11
O84714,C1014,Laptop Sleeve,3,107.17
O74918,C1051,Desk Lamp,3,49.37
O24328,C1025,Screen Protector,1,85.68
O17331,C1044,Mechanical Keyboard,3,105.55
O22363,C1036,Webcam,1,50.77
O85552,C1038,Wireless Mouse,3,85.1
O46463,C1026,Portable Charger,2,45.03
O77582,C1024,Phone Case,3,136.97
O34551,C1000,Webcam,2,176.74
O54265,c1031,Mechanical Keyboard,3,32.35
O56312,C1016,HDMI Adapter,1,100.96
O93611,C1015,USB-C Cable,1,102.01
O68619,C1011,Screen Protector,1,52.16
O89482,C1053,Wireless Mouse,2,136.17
O18934,C1006,USB-C Cable,2,177.62
O27146,c1040,HDMI Adapter,1,33.47
O23113,C1021,HDMI Adapter,3,60.58
O43022,C1019,Screen Protector,1,140.68
O16258,C1018,Phone Case,1,110.64
O70806,C1025,Desk Lamp,2,150.74
O34259,C1051,USB-C Cable,1,75.93
O14660,C1021,Laptop Sleeve,3,124.65
O54500,C1037,Webcam,1,33.19
O85465,C1018,HDMI Adapter,2,177.93
O75251,C1009,Laptop Stand,3,13.32
O24253,C1011,Portable Charger,1,33.24
O30070,C1028,Screen Protector,3,54.44
O37483,C1005,Wireless Mouse,1,101.92
O44429,C1035,HDMI Adapter,1,92.8
O44159,C1052,Laptop Stand,3,140.81
O70807,C1036,  Laptop Stand  ,1,152.41
O70513,C1019,Portable Charger,3,130.36
O32825,C1001,Laptop Stand,2,45.66
O19232,C1003,Wireless Mouse,1,106.89
O40983,c1019,HDMI Adapter,2,155.52
O13071,C1053,Mechanical Keyboard,2,59.97
O19567,C1036,USB-C Cable,3,22.18
O65590,C1038,Portable Charger,2,
O88018,C1050,Desk Lamp,2,140.6
O53583,C1042,Portable Charger,2,30.95
O47002,C1025,DESK LAMP,2,141.05
